country,alpha_2_code,alpha_3_code,numeric_code,indicator,time_period,obs_value,sex,unit_multiplier,unit_of_measure,observation_status,observation_confidentaility,time_period_activity_related_to_when_the_data_are_collected,current_age
Afghanistan,AF,AFG,4,Percentage of adolescents (aged 13-15 years) who smoked cigarettes or used smoked or smokeless tobacco products at any time during the last month,2020,6.1,Female,Units,%,Estimated value,Free,End of fieldwork,13 to 15 years
Afghanistan,AF,AFG,4,Percentage of adolescents (aged 13-15 years) who smoked cigarettes or used smoked or smokeless tobacco products at any time during the last month,2020,10.4,Male,Units,%,Estimated value,Free,End of fieldwork,13 to 15 years
Afghanistan,AF,AFG,4,Percentage of adolescents (aged 13-15 years) who smoked cigarettes or used smoked or smokeless tobacco products at any time during the last month,2020,8.9,Total,Units,%,Estimated value,Free,End of fieldwork,13 to 15 years
Algeria,DZ,DZA,12,Percentage of adolescents (aged 13-15 years) who smoked cigarettes or used smoked or smokeless tobacco products at any time during the last month,2020,2.6,Female,Units,%,Estimated value,Free,End of fieldwork,13 to 15 years
Algeria,DZ,DZA,12,Percentage of adolescents (aged 13-15 years) who smoked cigarettes or used smoked or smokeless tobacco products at any time during the last month,2020,17.4,Male,Units,%,Estimated value,Free,End of fieldwork,13 to 15 years
Algeria,DZ,DZA,12,Percentage of adolescents (aged 13-15 years) who smoked cigarettes or used smoked or smokeless tobacco products at any time during the last month,2020,9,Total,Units,%,Estimated value,Free,End of fieldwork,13 to 15 years
Angola,AO,AGO,24,Percentage of adolescents (aged 13-15 years) who smoked cigarettes or used smoked or smokeless tobacco products at any time during the last month,2020,18.6,Female,Units,%,Estimated value,Free,End of fieldwork,13 to 15 years
Angola,AO,AGO,24,Percentage of adolescents (aged 13-15 years) who smoked cigarettes or used smoked or smokeless tobacco products at any time during the last month,2020,20.2,Male,Units,%,Estimated value,Free,End of fieldwork,13 to 15 years
Angola,AO,AGO,24,Percentage of adolescents (aged 13-15 years) who smoked cigarettes or used smoked or smokeless tobacco products at any time during the last month,2020,19.8,Total,Units,%,Estimated value,Free,End of fieldwork,13 to 15 years
Antigua and Barbuda,AG,ATG,28,Percentage of adolescents (aged 13-15 years) who smoked cigarettes or used smoked or smokeless tobacco products at any time during the last month,2020,7,Female,Units,%,Estimated value,Free,End of fieldwork,13 to 15 years
Antigua and Barbuda,AG,ATG,28,Percentage of adolescents (aged 13-15 years) who smoked cigarettes or used smoked or smokeless tobacco products at any time during the last month,2020,7.9,Male,Units,%,Estimated value,Free,End of fieldwork,13 to 15 years
Antigua and Barbuda,AG,ATG,28,Percentage of adolescents (aged 13-15 years) who smoked cigarettes or used smoked or smokeless tobacco products at any time during the last month,2020,7.5,Total,Units,%,Estimated value,Free,End of fieldwork,13 to 15 years
Argentina,AR,ARG,32,Percentage of adolescents (aged 13-15 years) who smoked cigarettes or used smoked or smokeless tobacco products at any time during the last month,2020,21.4,Female,Units,%,Estimated value,Free,End of fieldwork,13 to 15 years
Argentina,AR,ARG,32,Percentage of adolescents (aged 13-15 years) who smoked cigarettes or used smoked or smokeless tobacco products at any time during the last month,2020,18.7,Male,Units,%,Estimated value,Free,End of fieldwork,13 to 15 years
Argentina,AR,ARG,32,Percentage of adolescents (aged 13-15 years) who smoked cigarettes or used smoked or smokeless tobacco products at any time during the last month,2020,20.2,Total,Units,%,Estimated value,Free,End of fieldwork,13 to 15 years
Bahamas,BS,BHS,44,Percentage of adolescents (aged 13-15 years) who smoked cigarettes or used smoked or smokeless tobacco products at any time during the last month,2020,8.4,Female,Units,%,Estimated value,Free,End of fieldwork,13 to 15 years
Bahamas,BS,BHS,44,Percentage of adolescents (aged 13-15 years) who smoked cigarettes or used smoked or smokeless tobacco products at any time during the last month,2020,16.1,Male,Units,%,Estimated value,Free,End of fieldwork,13 to 15 years
Bahamas,BS,BHS,44,Percentage of adolescents (aged 13-15 years) who smoked cigarettes or used smoked or smokeless tobacco products at any time during the last month,2020,12.6,Total,Units,%,Estimated value,Free,End of fieldwork,13 to 15 years
Bahrain,BH,BHR,48,Percentage of adolescents (aged 13-15 years) who smoked cigarettes or used smoked or smokeless tobacco products at any time during the last month,2020,10.2,Female,Units,%,Estimated value,Free,End of fieldwork,13 to 15 years
Bahrain,BH,BHR,48,Percentage of adolescents (aged 13-15 years) who smoked cigarettes or used smoked or smokeless tobacco products at any time during the last month,2020,26.5,Male,Units,%,Estimated value,Free,End of fieldwork,13 to 15 years
Bahrain,BH,BHR,48,Percentage of adolescents (aged 13-15 years) who smoked cigarettes or used smoked or smokeless tobacco products at any time during the last month,2020,18.7,Total,Units,%,Estimated value,Free,End of fieldwork,13 to 15 years
Bangladesh,BD,BGD,50,Percentage of adolescents (aged 13-15 years) who smoked cigarettes or used smoked or smokeless tobacco products at any time during the last month,2020,2.1,Female,Units,%,Estimated value,Free,End of fieldwork,13 to 15 years
Bangladesh,BD,BGD,50,Percentage of adolescents (aged 13-15 years) who smoked cigarettes or used smoked or smokeless tobacco products at any time during the last month,2020,13.2,Male,Units,%,Estimated value,Free,End of fieldwork,13 to 15 years
Bangladesh,BD,BGD,50,Percentage of adolescents (aged 13-15 years) who smoked cigarettes or used smoked or smokeless tobacco products at any time during the last month,2020,9.2,Total,Units,%,Estimated value,Free,End of fieldwork,13 to 15 years
Barbados,BB,BRB,52,Percentage of adolescents (aged 13-15 years) who smoked cigarettes or used smoked or smokeless tobacco products at any time during the last month,2020,11.4,Female,Units,%,Estimated value,Free,End of fieldwork,13 to 15 years
Barbados,BB,BRB,52,Percentage of adolescents (aged 13-15 years) who smoked cigarettes or used smoked or smokeless tobacco products at any time during the last month,2020,17.4,Male,Units,%,Estimated value,Free,End of fieldwork,13 to 15 years
Barbados,BB,BRB,52,Percentage of adolescents (aged 13-15 years) who smoked cigarettes or used smoked or smokeless tobacco products at any time during the last month,2020,14.5,Total,Units,%,Estimated value,Free,End of fieldwork,13 to 15 years
Belarus,BY,BLR,112,Percentage of adolescents (aged 13-15 years) who smoked cigarettes or used smoked or smokeless tobacco products at any time during the last month,2020,10.1,Female,Units,%,Estimated value,Free,End of fieldwork,13 to 15 years
Belarus,BY,BLR,112,Percentage of adolescents (aged 13-15 years) who smoked cigarettes or used smoked or smokeless tobacco products at any time during the last month,2020,9.5,Male,Units,%,Estimated value,Free,End of fieldwork,13 to 15 years
Belarus,BY,BLR,112,Percentage of adolescents (aged 13-15 years) who smoked cigarettes or used smoked or smokeless tobacco products at any time during the last month,2020,9.8,Total,Units,%,Estimated value,Free,End of fieldwork,13 to 15 years
Belize,BZ,BLZ,84,Percentage of adolescents (aged 13-15 years) who smoked cigarettes or used smoked or smokeless tobacco products at any time during the last month,2020,8.2,Female,Units,%,Estimated value,Free,End of fieldwork,13 to 15 years
Belize,BZ,BLZ,84,Percentage of adolescents (aged 13-15 years) who smoked cigarettes or used smoked or smokeless tobacco products at any time during the last month,2020,16.6,Male,Units,%,Estimated value,Free,End of fieldwork,13 to 15 years
Belize,BZ,BLZ,84,Percentage of adolescents (aged 13-15 years) who smoked cigarettes or used smoked or smokeless tobacco products at any time during the last month,2020,12.3,Total,Units,%,Estimated value,Free,End of fieldwork,13 to 15 years
Benin,BJ,BEN,204,Percentage of adolescents (aged 13-15 years) who smoked cigarettes or used smoked or smokeless tobacco products at any time during the last month,2020,2,Female,Units,%,Estimated value,Free,End of fieldwork,13 to 15 years
Benin,BJ,BEN,204,Percentage of adolescents (aged 13-15 years) who smoked cigarettes or used smoked or smokeless tobacco products at any time during the last month,2020,7.2,Male,Units,%,Estimated value,Free,End of fieldwork,13 to 15 years
Benin,BJ,BEN,204,Percentage of adolescents (aged 13-15 years) who smoked cigarettes or used smoked or smokeless tobacco products at any time during the last month,2020,5.3,Total,Units,%,Estimated value,Free,End of fieldwork,13 to 15 years
Bhutan,BT,BTN,64,Percentage of adolescents (aged 13-15 years) who smoked cigarettes or used smoked or smokeless tobacco products at any time during the last month,2020,13.5,Female,Units,%,Estimated value,Free,End of fieldwork,13 to 15 years
Bhutan,BT,BTN,64,Percentage of adolescents (aged 13-15 years) who smoked cigarettes or used smoked or smokeless tobacco products at any time during the last month,2020,31.2,Male,Units,%,Estimated value,Free,End of fieldwork,13 to 15 years
Bhutan,BT,BTN,64,Percentage of adolescents (aged 13-15 years) who smoked cigarettes or used smoked or smokeless tobacco products at any time during the last month,2020,22.2,Total,Units,%,Estimated value,Free,End of fieldwork,13 to 15 years
"Bolivia, Plurinational State of",BO,BOL,68,Percentage of adolescents (aged 13-15 years) who smoked cigarettes or used smoked or smokeless tobacco products at any time during the last month,2020,8.1,Female,Units,%,Estimated value,Free,End of fieldwork,13 to 15 years
"Bolivia, Plurinational State of",BO,BOL,68,Percentage of adolescents (aged 13-15 years) who smoked cigarettes or used smoked or smokeless tobacco products at any time during the last month,2020,13.6,Male,Units,%,Estimated value,Free,End of fieldwork,13 to 15 years
"Bolivia, Plurinational State of",BO,BOL,68,Percentage of adolescents (aged 13-15 years) who smoked cigarettes or used smoked or smokeless tobacco products at any time during the last month,2020,10.9,Total,Units,%,Estimated value,Free,End of fieldwork,13 to 15 years
Bosnia and Herzegovina,BA,BIH,70,Percentage of adolescents (aged 13-15 years) who smoked cigarettes or used smoked or smokeless tobacco products at any time during the last month,2020,17.4,Female,Units,%,Estimated value,Free,End of fieldwork,13 to 15 years
Bosnia and Herzegovina,BA,BIH,70,Percentage of adolescents (aged 13-15 years) who smoked cigarettes or used smoked or smokeless tobacco products at any time during the last month,2020,22.7,Male,Units,%,Estimated value,Free,End of fieldwork,13 to 15 years
Bosnia and Herzegovina,BA,BIH,70,Percentage of adolescents (aged 13-15 years) who smoked cigarettes or used smoked or smokeless tobacco products at any time during the last month,2020,20.1,Total,Units,%,Estimated value,Free,End of fieldwork,13 to 15 years
Botswana,BW,BWA,72,Percentage of adolescents (aged 13-15 years) who smoked cigarettes or used smoked or smokeless tobacco products at any time during the last month,2020,20.5,Female,Units,%,Estimated value,Free,End of fieldwork,13 to 15 years
Botswana,BW,BWA,72,Percentage of adolescents (aged 13-15 years) who smoked cigarettes or used smoked or smokeless tobacco products at any time during the last month,2020,27,Male,Units,%,Estimated value,Free,End of fieldwork,13 to 15 years
Botswana,BW,BWA,72,Percentage of adolescents (aged 13-15 years) who smoked cigarettes or used smoked or smokeless tobacco products at any time during the last month,2020,23.6,Total,Units,%,Estimated value,Free,End of fieldwork,13 to 15 years
Brazil,BR,BRA,76,Percentage of adolescents (aged 13-15 years) who smoked cigarettes or used smoked or smokeless tobacco products at any time during the last month,2020,7,Female,Units,%,Estimated value,Free,End of fieldwork,13 to 15 years
Brazil,BR,BRA,76,Percentage of adolescents (aged 13-15 years) who smoked cigarettes or used smoked or smokeless tobacco products at any time during the last month,2020,6.7,Male,Units,%,Estimated value,Free,End of fieldwork,13 to 15 years
Brazil,BR,BRA,76,Percentage of adolescents (aged 13-15 years) who smoked cigarettes or used smoked or smokeless tobacco products at any time during the last month,2020,6.9,Total,Units,%,Estimated value,Free,End of fieldwork,13 to 15 years
Brunei,BN,BRN,96,Percentage of adolescents (aged 13-15 years) who smoked cigarettes or used smoked or smokeless tobacco products at any time during the last month,2020,3.9,Female,Units,%,Estimated value,Free,End of fieldwork,13 to 15 years
Brunei,BN,BRN,96,Percentage of adolescents (aged 13-15 years) who smoked cigarettes or used smoked or smokeless tobacco products at any time during the last month,2020,14.1,Male,Units,%,Estimated value,Free,End of fieldwork,13 to 15 years
Brunei,BN,BRN,96,Percentage of adolescents (aged 13-15 years) who smoked cigarettes or used smoked or smokeless tobacco products at any time during the last month,2020,9.2,Total,Units,%,Estimated value,Free,End of fieldwork,13 to 15 years
Burkina Faso,BF,BFA,854,Percentage of adolescents (aged 13-15 years) who smoked cigarettes or used smoked or smokeless tobacco products at any time during the last month,2020,11.5,Female,Units,%,Estimated value,Free,End of fieldwork,13 to 15 years
Burkina Faso,BF,BFA,854,Percentage of adolescents (aged 13-15 years) who smoked cigarettes or used smoked or smokeless tobacco products at any time during the last month,2020,22.6,Male,Units,%,Estimated value,Free,End of fieldwork,13 to 15 years
Burkina Faso,BF,BFA,854,Percentage of adolescents (aged 13-15 years) who smoked cigarettes or used smoked or smokeless tobacco products at any time during the last month,2020,16.8,Total,Units,%,Estimated value,Free,End of fieldwork,13 to 15 years
Burundi,BI,BDI,108,Percentage of adolescents (aged 13-15 years) who smoked cigarettes or used smoked or smokeless tobacco products at any time during the last month,2020,16.8,Female,Units,%,Estimated value,Free,End of fieldwork,13 to 15 years
Burundi,BI,BDI,108,Percentage of adolescents (aged 13-15 years) who smoked cigarettes or used smoked or smokeless tobacco products at any time during the last month,2020,20.7,Male,Units,%,Estimated value,Free,End of fieldwork,13 to 15 years
Burundi,BI,BDI,108,Percentage of adolescents (aged 13-15 years) who smoked cigarettes or used smoked or smokeless tobacco products at any time during the last month,2020,19.3,Total,Units,%,Estimated value,Free,End of fieldwork,13 to 15 years
Cambodia,KH,KHM,116,Percentage of adolescents (aged 13-15 years) who smoked cigarettes or used smoked or smokeless tobacco products at any time during the last month,2020,1.9,Female,Units,%,Estimated value,Free,End of fieldwork,13 to 15 years
Cambodia,KH,KHM,116,Percentage of adolescents (aged 13-15 years) who smoked cigarettes or used smoked or smokeless tobacco products at any time during the last month,2020,2.9,Male,Units,%,Estimated value,Free,End of fieldwork,13 to 15 years
Cambodia,KH,KHM,116,Percentage of adolescents (aged 13-15 years) who smoked cigarettes or used smoked or smokeless tobacco products at any time during the last month,2020,2.4,Total,Units,%,Estimated value,Free,End of fieldwork,13 to 15 years
Cameroon,CM,CMR,120,Percentage of adolescents (aged 13-15 years) who smoked cigarettes or used smoked or smokeless tobacco products at any time during the last month,2020,5.7,Female,Units,%,Estimated value,Free,End of fieldwork,13 to 15 years
Cameroon,CM,CMR,120,Percentage of adolescents (aged 13-15 years) who smoked cigarettes or used smoked or smokeless tobacco products at any time during the last month,2020,13.8,Male,Units,%,Estimated value,Free,End of fieldwork,13 to 15 years
Cameroon,CM,CMR,120,Percentage of adolescents (aged 13-15 years) who smoked cigarettes or used smoked or smokeless tobacco products at any time during the last month,2020,10.1,Total,Units,%,Estimated value,Free,End of fieldwork,13 to 15 years
Central African Republic,CF,CAF,140,Percentage of adolescents (aged 13-15 years) who smoked cigarettes or used smoked or smokeless tobacco products at any time during the last month,2020,34.5,Female,Units,%,Estimated value,Free,End of fieldwork,13 to 15 years
Central African Republic,CF,CAF,140,Percentage of adolescents (aged 13-15 years) who smoked cigarettes or used smoked or smokeless tobacco products at any time during the last month,2020,29.5,Male,Units,%,Estimated value,Free,End of fieldwork,13 to 15 years
Central African Republic,CF,CAF,140,Percentage of adolescents (aged 13-15 years) who smoked cigarettes or used smoked or smokeless tobacco products at any time during the last month,2020,32.4,Total,Units,%,Estimated value,Free,End of fieldwork,13 to 15 years
Chad,TD,TCD,148,Percentage of adolescents (aged 13-15 years) who smoked cigarettes or used smoked or smokeless tobacco products at any time during the last month,2020,13.9,Female,Units,%,Estimated value,Free,End of fieldwork,13 to 15 years
Chad,TD,TCD,148,Percentage of adolescents (aged 13-15 years) who smoked cigarettes or used smoked or smokeless tobacco products at any time during the last month,2020,20.9,Male,Units,%,Estimated value,Free,End of fieldwork,13 to 15 years
Chad,TD,TCD,148,Percentage of adolescents (aged 13-15 years) who smoked cigarettes or used smoked or smokeless tobacco products at any time during the last month,2020,18.9,Total,Units,%,Estimated value,Free,End of fieldwork,13 to 15 years
Colombia,CO,COL,170,Percentage of adolescents (aged 13-15 years) who smoked cigarettes or used smoked or smokeless tobacco products at any time during the last month,2020,19.6,Female,Units,%,Estimated value,Free,End of fieldwork,13 to 15 years
Colombia,CO,COL,170,Percentage of adolescents (aged 13-15 years) who smoked cigarettes or used smoked or smokeless tobacco products at any time during the last month,2020,20.6,Male,Units,%,Estimated value,Free,End of fieldwork,13 to 15 years
Colombia,CO,COL,170,Percentage of adolescents (aged 13-15 years) who smoked cigarettes or used smoked or smokeless tobacco products at any time during the last month,2020,20.2,Total,Units,%,Estimated value,Free,End of fieldwork,13 to 15 years
Comoros,KM,COM,174,Percentage of adolescents (aged 13-15 years) who smoked cigarettes or used smoked or smokeless tobacco products at any time during the last month,2020,7.7,Female,Units,%,Estimated value,Free,End of fieldwork,13 to 15 years
Comoros,KM,COM,174,Percentage of adolescents (aged 13-15 years) who smoked cigarettes or used smoked or smokeless tobacco products at any time during the last month,2020,15.9,Male,Units,%,Estimated value,Free,End of fieldwork,13 to 15 years
Comoros,KM,COM,174,Percentage of adolescents (aged 13-15 years) who smoked cigarettes or used smoked or smokeless tobacco products at any time during the last month,2020,11.5,Total,Units,%,Estimated value,Free,End of fieldwork,13 to 15 years
Congo,CG,COG,178,Percentage of adolescents (aged 13-15 years) who smoked cigarettes or used smoked or smokeless tobacco products at any time during the last month,2020,20.4,Female,Units,%,Estimated value,Free,End of fieldwork,13 to 15 years
Congo,CG,COG,178,Percentage of adolescents (aged 13-15 years) who smoked cigarettes or used smoked or smokeless tobacco products at any time during the last month,2020,27.6,Male,Units,%,Estimated value,Free,End of fieldwork,13 to 15 years
Congo,CG,COG,178,Percentage of adolescents (aged 13-15 years) who smoked cigarettes or used smoked or smokeless tobacco products at any time during the last month,2020,24.3,Total,Units,%,Estimated value,Free,End of fieldwork,13 to 15 years
Cook Islands,CK,COK,184,Percentage of adolescents (aged 13-15 years) who smoked cigarettes or used smoked or smokeless tobacco products at any time during the last month,2020,13.9,Female,Units,%,Estimated value,Free,End of fieldwork,13 to 15 years
Cook Islands,CK,COK,184,Percentage of adolescents (aged 13-15 years) who smoked cigarettes or used smoked or smokeless tobacco products at any time during the last month,2020,29.7,Male,Units,%,Estimated value,Free,End of fieldwork,13 to 15 years
Cook Islands,CK,COK,184,Percentage of adolescents (aged 13-15 years) who smoked cigarettes or used smoked or smokeless tobacco products at any time during the last month,2020,21.5,Total,Units,%,Estimated value,Free,End of fieldwork,13 to 15 years
Costa Rica,CR,CRI,188,Percentage of adolescents (aged 13-15 years) who smoked cigarettes or used smoked or smokeless tobacco products at any time during the last month,2020,8.1,Female,Units,%,Estimated value,Free,End of fieldwork,13 to 15 years
Costa Rica,CR,CRI,188,Percentage of adolescents (aged 13-15 years) who smoked cigarettes or used smoked or smokeless tobacco products at any time during the last month,2020,9.7,Male,Units,%,Estimated value,Free,End of fieldwork,13 to 15 years
Costa Rica,CR,CRI,188,Percentage of adolescents (aged 13-15 years) who smoked cigarettes or used smoked or smokeless tobacco products at any time during the last month,2020,8.9,Total,Units,%,Estimated value,Free,End of fieldwork,13 to 15 years
Cuba,CU,CUB,192,Percentage of adolescents (aged 13-15 years) who smoked cigarettes or used smoked or smokeless tobacco products at any time during the last month,2020,9.7,Female,Units,%,Estimated value,Free,End of fieldwork,13 to 15 years
Cuba,CU,CUB,192,Percentage of adolescents (aged 13-15 years) who smoked cigarettes or used smoked or smokeless tobacco products at any time during the last month,2020,13,Male,Units,%,Estimated value,Free,End of fieldwork,13 to 15 years
Cuba,CU,CUB,192,Percentage of adolescents (aged 13-15 years) who smoked cigarettes or used smoked or smokeless tobacco products at any time during the last month,2020,11.5,Total,Units,%,Estimated value,Free,End of fieldwork,13 to 15 years
"Congo, the Democratic Republic of the",CD,COD,180,Percentage of adolescents (aged 13-15 years) who smoked cigarettes or used smoked or smokeless tobacco products at any time during the last month,2020,29.5,Female,Units,%,Estimated value,Free,End of fieldwork,13 to 15 years
"Congo, the Democratic Republic of the",CD,COD,180,Percentage of adolescents (aged 13-15 years) who smoked cigarettes or used smoked or smokeless tobacco products at any time during the last month,2020,36.2,Male,Units,%,Estimated value,Free,End of fieldwork,13 to 15 years
"Congo, the Democratic Republic of the",CD,COD,180,Percentage of adolescents (aged 13-15 years) who smoked cigarettes or used smoked or smokeless tobacco products at any time during the last month,2020,33.6,Total,Units,%,Estimated value,Free,End of fieldwork,13 to 15 years
Djibouti,DJ,DJI,262,Percentage of adolescents (aged 13-15 years) who smoked cigarettes or used smoked or smokeless tobacco products at any time during the last month,2020,11.1,Female,Units,%,Estimated value,Free,End of fieldwork,13 to 15 years
Djibouti,DJ,DJI,262,Percentage of adolescents (aged 13-15 years) who smoked cigarettes or used smoked or smokeless tobacco products at any time during the last month,2020,17.8,Male,Units,%,Estimated value,Free,End of fieldwork,13 to 15 years
Djibouti,DJ,DJI,262,Percentage of adolescents (aged 13-15 years) who smoked cigarettes or used smoked or smokeless tobacco products at any time during the last month,2020,15.2,Total,Units,%,Estimated value,Free,End of fieldwork,13 to 15 years
Dominica,DM,DMA,212,Percentage of adolescents (aged 13-15 years) who smoked cigarettes or used smoked or smokeless tobacco products at any time during the last month,2020,19.8,Female,Units,%,Estimated value,Free,End of fieldwork,13 to 15 years
Dominica,DM,DMA,212,Percentage of adolescents (aged 13-15 years) who smoked cigarettes or used smoked or smokeless tobacco products at any time during the last month,2020,30.4,Male,Units,%,Estimated value,Free,End of fieldwork,13 to 15 years
Dominica,DM,DMA,212,Percentage of adolescents (aged 13-15 years) who smoked cigarettes or used smoked or smokeless tobacco products at any time during the last month,2020,25.3,Total,Units,%,Estimated value,Free,End of fieldwork,13 to 15 years
Dominican Republic,DO,DOM,214,Percentage of adolescents (aged 13-15 years) who smoked cigarettes or used smoked or smokeless tobacco products at any time during the last month,2020,6,Female,Units,%,Estimated value,Free,End of fieldwork,13 to 15 years
Dominican Republic,DO,DOM,214,Percentage of adolescents (aged 13-15 years) who smoked cigarettes or used smoked or smokeless tobacco products at any time during the last month,2020,8.3,Male,Units,%,Estimated value,Free,End of fieldwork,13 to 15 years
Dominican Republic,DO,DOM,214,Percentage of adolescents (aged 13-15 years) who smoked cigarettes or used smoked or smokeless tobacco products at any time during the last month,2020,7.4,Total,Units,%,Estimated value,Free,End of fieldwork,13 to 15 years
Ecuador,EC,ECU,218,Percentage of adolescents (aged 13-15 years) who smoked cigarettes or used smoked or smokeless tobacco products at any time during the last month,2020,10.7,Female,Units,%,Estimated value,Free,End of fieldwork,13 to 15 years
Ecuador,EC,ECU,218,Percentage of adolescents (aged 13-15 years) who smoked cigarettes or used smoked or smokeless tobacco products at any time during the last month,2020,15.3,Male,Units,%,Estimated value,Free,End of fieldwork,13 to 15 years
Ecuador,EC,ECU,218,Percentage of adolescents (aged 13-15 years) who smoked cigarettes or used smoked or smokeless tobacco products at any time during the last month,2020,13,Total,Units,%,Estimated value,Free,End of fieldwork,13 to 15 years
Egypt,EG,EGY,818,Percentage of adolescents (aged 13-15 years) who smoked cigarettes or used smoked or smokeless tobacco products at any time during the last month,2020,8.2,Female,Units,%,Estimated value,Free,End of fieldwork,13 to 15 years
Egypt,EG,EGY,818,Percentage of adolescents (aged 13-15 years) who smoked cigarettes or used smoked or smokeless tobacco products at any time during the last month,2020,18.1,Male,Units,%,Estimated value,Free,End of fieldwork,13 to 15 years
Egypt,EG,EGY,818,Percentage of adolescents (aged 13-15 years) who smoked cigarettes or used smoked or smokeless tobacco products at any time during the last month,2020,13.6,Total,Units,%,Estimated value,Free,End of fieldwork,13 to 15 years
El Salvador,SV,SLV,222,Percentage of adolescents (aged 13-15 years) who smoked cigarettes or used smoked or smokeless tobacco products at any time during the last month,2020,10.7,Female,Units,%,Estimated value,Free,End of fieldwork,13 to 15 years
El Salvador,SV,SLV,222,Percentage of adolescents (aged 13-15 years) who smoked cigarettes or used smoked or smokeless tobacco products at any time during the last month,2020,15.3,Male,Units,%,Estimated value,Free,End of fieldwork,13 to 15 years
El Salvador,SV,SLV,222,Percentage of adolescents (aged 13-15 years) who smoked cigarettes or used smoked or smokeless tobacco products at any time during the last month,2020,13.1,Total,Units,%,Estimated value,Free,End of fieldwork,13 to 15 years
Equatorial Guinea,GQ,GNQ,226,Percentage of adolescents (aged 13-15 years) who smoked cigarettes or used smoked or smokeless tobacco products at any time during the last month,2020,17.3,Female,Units,%,Estimated value,Free,End of fieldwork,13 to 15 years
Equatorial Guinea,GQ,GNQ,226,Percentage of adolescents (aged 13-15 years) who smoked cigarettes or used smoked or smokeless tobacco products at any time during the last month,2020,25.1,Male,Units,%,Estimated value,Free,End of fieldwork,13 to 15 years
Equatorial Guinea,GQ,GNQ,226,Percentage of adolescents (aged 13-15 years) who smoked cigarettes or used smoked or smokeless tobacco products at any time during the last month,2020,22.1,Total,Units,%,Estimated value,Free,End of fieldwork,13 to 15 years
Eritrea,ER,ERI,232,Percentage of adolescents (aged 13-15 years) who smoked cigarettes or used smoked or smokeless tobacco products at any time during the last month,2020,4.6,Female,Units,%,Estimated value,Free,End of fieldwork,13 to 15 years
Eritrea,ER,ERI,232,Percentage of adolescents (aged 13-15 years) who smoked cigarettes or used smoked or smokeless tobacco products at any time during the last month,2020,7.8,Male,Units,%,Estimated value,Free,End of fieldwork,13 to 15 years
Eritrea,ER,ERI,232,Percentage of adolescents (aged 13-15 years) who smoked cigarettes or used smoked or smokeless tobacco products at any time during the last month,2020,6.6,Total,Units,%,Estimated value,Free,End of fieldwork,13 to 15 years
Swaziland,SZ,SWZ,748,Percentage of adolescents (aged 13-15 years) who smoked cigarettes or used smoked or smokeless tobacco products at any time during the last month,2020,8.6,Female,Units,%,Estimated value,Free,End of fieldwork,13 to 15 years
Swaziland,SZ,SWZ,748,Percentage of adolescents (aged 13-15 years) who smoked cigarettes or used smoked or smokeless tobacco products at any time during the last month,2020,15.8,Male,Units,%,Estimated value,Free,End of fieldwork,13 to 15 years
Swaziland,SZ,SWZ,748,Percentage of adolescents (aged 13-15 years) who smoked cigarettes or used smoked or smokeless tobacco products at any time during the last month,2020,11.5,Total,Units,%,Estimated value,Free,End of fieldwork,13 to 15 years
Ethiopia,ET,ETH,231,Percentage of adolescents (aged 13-15 years) who smoked cigarettes or used smoked or smokeless tobacco products at any time during the last month,2020,5.8,Female,Units,%,Estimated value,Free,End of fieldwork,13 to 15 years
Ethiopia,ET,ETH,231,Percentage of adolescents (aged 13-15 years) who smoked cigarettes or used smoked or smokeless tobacco products at any time during the last month,2020,11.5,Male,Units,%,Estimated value,Free,End of fieldwork,13 to 15 years
Ethiopia,ET,ETH,231,Percentage of adolescents (aged 13-15 years) who smoked cigarettes or used smoked or smokeless tobacco products at any time during the last month,2020,8.9,Total,Units,%,Estimated value,Free,End of fieldwork,13 to 15 years
Fiji,FJ,FJI,242,Percentage of adolescents (aged 13-15 years) who smoked cigarettes or used smoked or smokeless tobacco products at any time during the last month,2020,6.5,Female,Units,%,Estimated value,Free,End of fieldwork,13 to 15 years
Fiji,FJ,FJI,242,Percentage of adolescents (aged 13-15 years) who smoked cigarettes or used smoked or smokeless tobacco products at any time during the last month,2020,11.8,Male,Units,%,Estimated value,Free,End of fieldwork,13 to 15 years
Fiji,FJ,FJI,242,Percentage of adolescents (aged 13-15 years) who smoked cigarettes or used smoked or smokeless tobacco products at any time during the last month,2020,9.1,Total,Units,%,Estimated value,Free,End of fieldwork,13 to 15 years
Gabon,GA,GAB,266,Percentage of adolescents (aged 13-15 years) who smoked cigarettes or used smoked or smokeless tobacco products at any time during the last month,2020,8.8,Female,Units,%,Estimated value,Free,End of fieldwork,13 to 15 years
Gabon,GA,GAB,266,Percentage of adolescents (aged 13-15 years) who smoked cigarettes or used smoked or smokeless tobacco products at any time during the last month,2020,9.2,Male,Units,%,Estimated value,Free,End of fieldwork,13 to 15 years
Gabon,GA,GAB,266,Percentage of adolescents (aged 13-15 years) who smoked cigarettes or used smoked or smokeless tobacco products at any time during the last month,2020,9.2,Total,Units,%,Estimated value,Free,End of fieldwork,13 to 15 years
Gambia,GM,GMB,270,Percentage of adolescents (aged 13-15 years) who smoked cigarettes or used smoked or smokeless tobacco products at any time during the last month,2020,5,Female,Units,%,Estimated value,Free,End of fieldwork,13 to 15 years
Gambia,GM,GMB,270,Percentage of adolescents (aged 13-15 years) who smoked cigarettes or used smoked or smokeless tobacco products at any time during the last month,2020,17.9,Male,Units,%,Estimated value,Free,End of fieldwork,13 to 15 years
Gambia,GM,GMB,270,Percentage of adolescents (aged 13-15 years) who smoked cigarettes or used smoked or smokeless tobacco products at any time during the last month,2020,10.5,Total,Units,%,Estimated value,Free,End of fieldwork,13 to 15 years
Ghana,GH,GHA,288,Percentage of adolescents (aged 13-15 years) who smoked cigarettes or used smoked or smokeless tobacco products at any time during the last month,2020,8.1,Female,Units,%,Estimated value,Free,End of fieldwork,13 to 15 years
Ghana,GH,GHA,288,Percentage of adolescents (aged 13-15 years) who smoked cigarettes or used smoked or smokeless tobacco products at any time during the last month,2020,8.8,Male,Units,%,Estimated value,Free,End of fieldwork,13 to 15 years
Ghana,GH,GHA,288,Percentage of adolescents (aged 13-15 years) who smoked cigarettes or used smoked or smokeless tobacco products at any time during the last month,2020,8.8,Total,Units,%,Estimated value,Free,End of fieldwork,13 to 15 years
Grenada,GD,GRD,308,Percentage of adolescents (aged 13-15 years) who smoked cigarettes or used smoked or smokeless tobacco products at any time during the last month,2020,7.1,Female,Units,%,Estimated value,Free,End of fieldwork,13 to 15 years
Grenada,GD,GRD,308,Percentage of adolescents (aged 13-15 years) who smoked cigarettes or used smoked or smokeless tobacco products at any time during the last month,2020,12.5,Male,Units,%,Estimated value,Free,End of fieldwork,13 to 15 years
Grenada,GD,GRD,308,Percentage of adolescents (aged 13-15 years) who smoked cigarettes or used smoked or smokeless tobacco products at any time during the last month,2020,9.7,Total,Units,%,Estimated value,Free,End of fieldwork,13 to 15 years
Guatemala,GT,GTM,320,Percentage of adolescents (aged 13-15 years) who smoked cigarettes or used smoked or smokeless tobacco products at any time during the last month,2020,14.4,Female,Units,%,Estimated value,Free,End of fieldwork,13 to 15 years
Guatemala,GT,GTM,320,Percentage of adolescents (aged 13-15 years) who smoked cigarettes or used smoked or smokeless tobacco products at any time during the last month,2020,19.5,Male,Units,%,Estimated value,Free,End of fieldwork,13 to 15 years
Guatemala,GT,GTM,320,Percentage of adolescents (aged 13-15 years) who smoked cigarettes or used smoked or smokeless tobacco products at any time during the last month,2020,17.1,Total,Units,%,Estimated value,Free,End of fieldwork,13 to 15 years
Guinea,GN,GIN,324,Percentage of adolescents (aged 13-15 years) who smoked cigarettes or used smoked or smokeless tobacco products at any time during the last month,2020,20,Female,Units,%,Estimated value,Free,End of fieldwork,13 to 15 years
Guinea,GN,GIN,324,Percentage of adolescents (aged 13-15 years) who smoked cigarettes or used smoked or smokeless tobacco products at any time during the last month,2020,30.8,Male,Units,%,Estimated value,Free,End of fieldwork,13 to 15 years
Guinea,GN,GIN,324,Percentage of adolescents (aged 13-15 years) who smoked cigarettes or used smoked or smokeless tobacco products at any time during the last month,2020,26.1,Total,Units,%,Estimated value,Free,End of fieldwork,13 to 15 years
Guinea-Bissau,GW,GNB,624,Percentage of adolescents (aged 13-15 years) who smoked cigarettes or used smoked or smokeless tobacco products at any time during the last month,2020,10.3,Female,Units,%,Estimated value,Free,End of fieldwork,13 to 15 years
Guinea-Bissau,GW,GNB,624,Percentage of adolescents (aged 13-15 years) who smoked cigarettes or used smoked or smokeless tobacco products at any time during the last month,2020,11.5,Male,Units,%,Estimated value,Free,End of fieldwork,13 to 15 years
Guinea-Bissau,GW,GNB,624,Percentage of adolescents (aged 13-15 years) who smoked cigarettes or used smoked or smokeless tobacco products at any time during the last month,2020,10.9,Total,Units,%,Estimated value,Free,End of fieldwork,13 to 15 years
Guyana,GY,GUY,328,Percentage of adolescents (aged 13-15 years) who smoked cigarettes or used smoked or smokeless tobacco products at any time during the last month,2020,10.4,Female,Units,%,Estimated value,Free,End of fieldwork,13 to 15 years
Guyana,GY,GUY,328,Percentage of adolescents (aged 13-15 years) who smoked cigarettes or used smoked or smokeless tobacco products at any time during the last month,2020,19,Male,Units,%,Estimated value,Free,End of fieldwork,13 to 15 years
Guyana,GY,GUY,328,Percentage of adolescents (aged 13-15 years) who smoked cigarettes or used smoked or smokeless tobacco products at any time during the last month,2020,14.8,Total,Units,%,Estimated value,Free,End of fieldwork,13 to 15 years
Haiti,HT,HTI,332,Percentage of adolescents (aged 13-15 years) who smoked cigarettes or used smoked or smokeless tobacco products at any time during the last month,2020,19.2,Female,Units,%,Estimated value,Free,End of fieldwork,13 to 15 years
Haiti,HT,HTI,332,Percentage of adolescents (aged 13-15 years) who smoked cigarettes or used smoked or smokeless tobacco products at any time during the last month,2020,20.3,Male,Units,%,Estimated value,Free,End of fieldwork,13 to 15 years
Haiti,HT,HTI,332,Percentage of adolescents (aged 13-15 years) who smoked cigarettes or used smoked or smokeless tobacco products at any time during the last month,2020,19.7,Total,Units,%,Estimated value,Free,End of fieldwork,13 to 15 years
Honduras,HN,HND,340,Percentage of adolescents (aged 13-15 years) who smoked cigarettes or used smoked or smokeless tobacco products at any time during the last month,2020,6.4,Female,Units,%,Estimated value,Free,End of fieldwork,13 to 15 years
Honduras,HN,HND,340,Percentage of adolescents (aged 13-15 years) who smoked cigarettes or used smoked or smokeless tobacco products at any time during the last month,2020,9.6,Male,Units,%,Estimated value,Free,End of fieldwork,13 to 15 years
Honduras,HN,HND,340,Percentage of adolescents (aged 13-15 years) who smoked cigarettes or used smoked or smokeless tobacco products at any time during the last month,2020,7.9,Total,Units,%,Estimated value,Free,End of fieldwork,13 to 15 years
Hungary,HU,HUN,348,Percentage of adolescents (aged 13-15 years) who smoked cigarettes or used smoked or smokeless tobacco products at any time during the last month,2020,15,Female,Units,%,Estimated value,Free,End of fieldwork,13 to 15 years
Hungary,HU,HUN,348,Percentage of adolescents (aged 13-15 years) who smoked cigarettes or used smoked or smokeless tobacco products at any time during the last month,2020,16,Male,Units,%,Estimated value,Free,End of fieldwork,13 to 15 years
Hungary,HU,HUN,348,Percentage of adolescents (aged 13-15 years) who smoked cigarettes or used smoked or smokeless tobacco products at any time during the last month,2020,16,Total,Units,%,Estimated value,Free,End of fieldwork,13 to 15 years
"Iran, Islamic Republic of",IR,IRN,364,Percentage of adolescents (aged 13-15 years) who smoked cigarettes or used smoked or smokeless tobacco products at any time during the last month,2020,7.7,Female,Units,%,Estimated value,Free,End of fieldwork,13 to 15 years
"Iran, Islamic Republic of",IR,IRN,364,Percentage of adolescents (aged 13-15 years) who smoked cigarettes or used smoked or smokeless tobacco products at any time during the last month,2020,12.9,Male,Units,%,Estimated value,Free,End of fieldwork,13 to 15 years
"Iran, Islamic Republic of",IR,IRN,364,Percentage of adolescents (aged 13-15 years) who smoked cigarettes or used smoked or smokeless tobacco products at any time during the last month,2020,10.2,Total,Units,%,Estimated value,Free,End of fieldwork,13 to 15 years
Iraq,IQ,IRQ,368,Percentage of adolescents (aged 13-15 years) who smoked cigarettes or used smoked or smokeless tobacco products at any time during the last month,2020,11.4,Female,Units,%,Estimated value,Free,End of fieldwork,13 to 15 years
Iraq,IQ,IRQ,368,Percentage of adolescents (aged 13-15 years) who smoked cigarettes or used smoked or smokeless tobacco products at any time during the last month,2020,19.5,Male,Units,%,Estimated value,Free,End of fieldwork,13 to 15 years
Iraq,IQ,IRQ,368,Percentage of adolescents (aged 13-15 years) who smoked cigarettes or used smoked or smokeless tobacco products at any time during the last month,2020,15.7,Total,Units,%,Estimated value,Free,End of fieldwork,13 to 15 years
Jamaica,JM,JAM,388,Percentage of adolescents (aged 13-15 years) who smoked cigarettes or used smoked or smokeless tobacco products at any time during the last month,2020,15,Female,Units,%,Estimated value,Free,End of fieldwork,13 to 15 years
Jamaica,JM,JAM,388,Percentage of adolescents (aged 13-15 years) who smoked cigarettes or used smoked or smokeless tobacco products at any time during the last month,2020,15.9,Male,Units,%,Estimated value,Free,End of fieldwork,13 to 15 years
Jamaica,JM,JAM,388,Percentage of adolescents (aged 13-15 years) who smoked cigarettes or used smoked or smokeless tobacco products at any time during the last month,2020,15.6,Total,Units,%,Estimated value,Free,End of fieldwork,13 to 15 years
Jordan,JO,JOR,400,Percentage of adolescents (aged 13-15 years) who smoked cigarettes or used smoked or smokeless tobacco products at any time during the last month,2020,13.8,Female,Units,%,Estimated value,Free,End of fieldwork,13 to 15 years
Jordan,JO,JOR,400,Percentage of adolescents (aged 13-15 years) who smoked cigarettes or used smoked or smokeless tobacco products at any time during the last month,2020,33.9,Male,Units,%,Estimated value,Free,End of fieldwork,13 to 15 years
Jordan,JO,JOR,400,Percentage of adolescents (aged 13-15 years) who smoked cigarettes or used smoked or smokeless tobacco products at any time during the last month,2020,24,Total,Units,%,Estimated value,Free,End of fieldwork,13 to 15 years
Kenya,KE,KEN,404,Percentage of adolescents (aged 13-15 years) who smoked cigarettes or used smoked or smokeless tobacco products at any time during the last month,2020,6.7,Female,Units,%,Estimated value,Free,End of fieldwork,13 to 15 years
Kenya,KE,KEN,404,Percentage of adolescents (aged 13-15 years) who smoked cigarettes or used smoked or smokeless tobacco products at any time during the last month,2020,12.8,Male,Units,%,Estimated value,Free,End of fieldwork,13 to 15 years
Kenya,KE,KEN,404,Percentage of adolescents (aged 13-15 years) who smoked cigarettes or used smoked or smokeless tobacco products at any time during the last month,2020,9.9,Total,Units,%,Estimated value,Free,End of fieldwork,13 to 15 years
Kiribati,KI,KIR,296,Percentage of adolescents (aged 13-15 years) who smoked cigarettes or used smoked or smokeless tobacco products at any time during the last month,2020,42.8,Female,Units,%,Estimated value,Free,End of fieldwork,13 to 15 years
Kiribati,KI,KIR,296,Percentage of adolescents (aged 13-15 years) who smoked cigarettes or used smoked or smokeless tobacco products at any time during the last month,2020,53.3,Male,Units,%,Estimated value,Free,End of fieldwork,13 to 15 years
Kiribati,KI,KIR,296,Percentage of adolescents (aged 13-15 years) who smoked cigarettes or used smoked or smokeless tobacco products at any time during the last month,2020,47.7,Total,Units,%,Estimated value,Free,End of fieldwork,13 to 15 years
Kuwait,KW,KWT,414,Percentage of adolescents (aged 13-15 years) who smoked cigarettes or used smoked or smokeless tobacco products at any time during the last month,2020,9.8,Female,Units,%,Estimated value,Free,End of fieldwork,13 to 15 years
Kuwait,KW,KWT,414,Percentage of adolescents (aged 13-15 years) who smoked cigarettes or used smoked or smokeless tobacco products at any time during the last month,2020,24.2,Male,Units,%,Estimated value,Free,End of fieldwork,13 to 15 years
Kuwait,KW,KWT,414,Percentage of adolescents (aged 13-15 years) who smoked cigarettes or used smoked or smokeless tobacco products at any time during the last month,2020,16.7,Total,Units,%,Estimated value,Free,End of fieldwork,13 to 15 years
Kyrgyzstan,KG,KGZ,417,Percentage of adolescents (aged 13-15 years) who smoked cigarettes or used smoked or smokeless tobacco products at any time during the last month,2020,2.4,Female,Units,%,Estimated value,Free,End of fieldwork,13 to 15 years
Kyrgyzstan,KG,KGZ,417,Percentage of adolescents (aged 13-15 years) who smoked cigarettes or used smoked or smokeless tobacco products at any time during the last month,2020,9.5,Male,Units,%,Estimated value,Free,End of fieldwork,13 to 15 years
Kyrgyzstan,KG,KGZ,417,Percentage of adolescents (aged 13-15 years) who smoked cigarettes or used smoked or smokeless tobacco products at any time during the last month,2020,6,Total,Units,%,Estimated value,Free,End of fieldwork,13 to 15 years
Lao People's Democratic Republic,LA,LAO,418,Percentage of adolescents (aged 13-15 years) who smoked cigarettes or used smoked or smokeless tobacco products at any time during the last month,2020,5.9,Female,Units,%,Estimated value,Free,End of fieldwork,13 to 15 years
Lao People's Democratic Republic,LA,LAO,418,Percentage of adolescents (aged 13-15 years) who smoked cigarettes or used smoked or smokeless tobacco products at any time during the last month,2020,16.4,Male,Units,%,Estimated value,Free,End of fieldwork,13 to 15 years
Lao People's Democratic Republic,LA,LAO,418,Percentage of adolescents (aged 13-15 years) who smoked cigarettes or used smoked or smokeless tobacco products at any time during the last month,2020,11.1,Total,Units,%,Estimated value,Free,End of fieldwork,13 to 15 years
Latvia,LV,LVA,428,Percentage of adolescents (aged 13-15 years) who smoked cigarettes or used smoked or smokeless tobacco products at any time during the last month,2020,21.1,Female,Units,%,Estimated value,Free,End of fieldwork,13 to 15 years
Latvia,LV,LVA,428,Percentage of adolescents (aged 13-15 years) who smoked cigarettes or used smoked or smokeless tobacco products at any time during the last month,2020,24.8,Male,Units,%,Estimated value,Free,End of fieldwork,13 to 15 years
Latvia,LV,LVA,428,Percentage of adolescents (aged 13-15 years) who smoked cigarettes or used smoked or smokeless tobacco products at any time during the last month,2020,23,Total,Units,%,Estimated value,Free,End of fieldwork,13 to 15 years
Lebanon,LB,LBN,422,Percentage of adolescents (aged 13-15 years) who smoked cigarettes or used smoked or smokeless tobacco products at any time during the last month,2020,27.9,Female,Units,%,Estimated value,Free,End of fieldwork,13 to 15 years
Lebanon,LB,LBN,422,Percentage of adolescents (aged 13-15 years) who smoked cigarettes or used smoked or smokeless tobacco products at any time during the last month,2020,35.3,Male,Units,%,Estimated value,Free,End of fieldwork,13 to 15 years
Lebanon,LB,LBN,422,Percentage of adolescents (aged 13-15 years) who smoked cigarettes or used smoked or smokeless tobacco products at any time during the last month,2020,31.5,Total,Units,%,Estimated value,Free,End of fieldwork,13 to 15 years
Lesotho,LS,LSO,426,Percentage of adolescents (aged 13-15 years) who smoked cigarettes or used smoked or smokeless tobacco products at any time during the last month,2020,21.7,Female,Units,%,Estimated value,Free,End of fieldwork,13 to 15 years
Lesotho,LS,LSO,426,Percentage of adolescents (aged 13-15 years) who smoked cigarettes or used smoked or smokeless tobacco products at any time during the last month,2020,26.4,Male,Units,%,Estimated value,Free,End of fieldwork,13 to 15 years
Lesotho,LS,LSO,426,Percentage of adolescents (aged 13-15 years) who smoked cigarettes or used smoked or smokeless tobacco products at any time during the last month,2020,24.8,Total,Units,%,Estimated value,Free,End of fieldwork,13 to 15 years
Liberia,LR,LBR,430,Percentage of adolescents (aged 13-15 years) who smoked cigarettes or used smoked or smokeless tobacco products at any time during the last month,2020,10.9,Female,Units,%,Estimated value,Free,End of fieldwork,13 to 15 years
Liberia,LR,LBR,430,Percentage of adolescents (aged 13-15 years) who smoked cigarettes or used smoked or smokeless tobacco products at any time during the last month,2020,9.3,Male,Units,%,Estimated value,Free,End of fieldwork,13 to 15 years
Liberia,LR,LBR,430,Percentage of adolescents (aged 13-15 years) who smoked cigarettes or used smoked or smokeless tobacco products at any time during the last month,2020,10.9,Total,Units,%,Estimated value,Free,End of fieldwork,13 to 15 years
Libyan Arab Jamahiriya,LY,LBY,434,Percentage of adolescents (aged 13-15 years) who smoked cigarettes or used smoked or smokeless tobacco products at any time during the last month,2020,5,Female,Units,%,Estimated value,Free,End of fieldwork,13 to 15 years
Libyan Arab Jamahiriya,LY,LBY,434,Percentage of adolescents (aged 13-15 years) who smoked cigarettes or used smoked or smokeless tobacco products at any time during the last month,2020,11,Male,Units,%,Estimated value,Free,End of fieldwork,13 to 15 years
Libyan Arab Jamahiriya,LY,LBY,434,Percentage of adolescents (aged 13-15 years) who smoked cigarettes or used smoked or smokeless tobacco products at any time during the last month,2020,8.1,Total,Units,%,Estimated value,Free,End of fieldwork,13 to 15 years
Madagascar,MG,MDG,450,Percentage of adolescents (aged 13-15 years) who smoked cigarettes or used smoked or smokeless tobacco products at any time during the last month,2020,6.8,Female,Units,%,Estimated value,Free,End of fieldwork,13 to 15 years
Madagascar,MG,MDG,450,Percentage of adolescents (aged 13-15 years) who smoked cigarettes or used smoked or smokeless tobacco products at any time during the last month,2020,16.7,Male,Units,%,Estimated value,Free,End of fieldwork,13 to 15 years
Madagascar,MG,MDG,450,Percentage of adolescents (aged 13-15 years) who smoked cigarettes or used smoked or smokeless tobacco products at any time during the last month,2020,11.3,Total,Units,%,Estimated value,Free,End of fieldwork,13 to 15 years
Malawi,MW,MWI,454,Percentage of adolescents (aged 13-15 years) who smoked cigarettes or used smoked or smokeless tobacco products at any time during the last month,2020,11.4,Female,Units,%,Estimated value,Free,End of fieldwork,13 to 15 years
Malawi,MW,MWI,454,Percentage of adolescents (aged 13-15 years) who smoked cigarettes or used smoked or smokeless tobacco products at any time during the last month,2020,16.7,Male,Units,%,Estimated value,Free,End of fieldwork,13 to 15 years
Malawi,MW,MWI,454,Percentage of adolescents (aged 13-15 years) who smoked cigarettes or used smoked or smokeless tobacco products at any time during the last month,2020,14.2,Total,Units,%,Estimated value,Free,End of fieldwork,13 to 15 years
Malaysia,MY,MYS,458,Percentage of adolescents (aged 13-15 years) who smoked cigarettes or used smoked or smokeless tobacco products at any time during the last month,2020,9.6,Female,Units,%,Estimated value,Free,End of fieldwork,13 to 15 years
Malaysia,MY,MYS,458,Percentage of adolescents (aged 13-15 years) who smoked cigarettes or used smoked or smokeless tobacco products at any time during the last month,2020,32.4,Male,Units,%,Estimated value,Free,End of fieldwork,13 to 15 years
Malaysia,MY,MYS,458,Percentage of adolescents (aged 13-15 years) who smoked cigarettes or used smoked or smokeless tobacco products at any time during the last month,2020,20.9,Total,Units,%,Estimated value,Free,End of fieldwork,13 to 15 years
Maldives,MV,MDV,462,Percentage of adolescents (aged 13-15 years) who smoked cigarettes or used smoked or smokeless tobacco products at any time during the last month,2020,6.8,Female,Units,%,Estimated value,Free,End of fieldwork,13 to 15 years
Maldives,MV,MDV,462,Percentage of adolescents (aged 13-15 years) who smoked cigarettes or used smoked or smokeless tobacco products at any time during the last month,2020,15.8,Male,Units,%,Estimated value,Free,End of fieldwork,13 to 15 years
Maldives,MV,MDV,462,Percentage of adolescents (aged 13-15 years) who smoked cigarettes or used smoked or smokeless tobacco products at any time during the last month,2020,11.2,Total,Units,%,Estimated value,Free,End of fieldwork,13 to 15 years
Mali,ML,MLI,466,Percentage of adolescents (aged 13-15 years) who smoked cigarettes or used smoked or smokeless tobacco products at any time during the last month,2020,8.8,Female,Units,%,Estimated value,Free,End of fieldwork,13 to 15 years
Mali,ML,MLI,466,Percentage of adolescents (aged 13-15 years) who smoked cigarettes or used smoked or smokeless tobacco products at any time during the last month,2020,23.1,Male,Units,%,Estimated value,Free,End of fieldwork,13 to 15 years
Mali,ML,MLI,466,Percentage of adolescents (aged 13-15 years) who smoked cigarettes or used smoked or smokeless tobacco products at any time during the last month,2020,16.6,Total,Units,%,Estimated value,Free,End of fieldwork,13 to 15 years
Marshall Islands,MH,MHL,584,Percentage of adolescents (aged 13-15 years) who smoked cigarettes or used smoked or smokeless tobacco products at any time during the last month,2020,21.4,Female,Units,%,Estimated value,Free,End of fieldwork,13 to 15 years
Marshall Islands,MH,MHL,584,Percentage of adolescents (aged 13-15 years) who smoked cigarettes or used smoked or smokeless tobacco products at any time during the last month,2020,36.5,Male,Units,%,Estimated value,Free,End of fieldwork,13 to 15 years
Marshall Islands,MH,MHL,584,Percentage of adolescents (aged 13-15 years) who smoked cigarettes or used smoked or smokeless tobacco products at any time during the last month,2020,28.2,Total,Units,%,Estimated value,Free,End of fieldwork,13 to 15 years
Mauritania,MR,MRT,478,Percentage of adolescents (aged 13-15 years) who smoked cigarettes or used smoked or smokeless tobacco products at any time during the last month,2020,19.2,Female,Units,%,Estimated value,Free,End of fieldwork,13 to 15 years
Mauritania,MR,MRT,478,Percentage of adolescents (aged 13-15 years) who smoked cigarettes or used smoked or smokeless tobacco products at any time during the last month,2020,19.6,Male,Units,%,Estimated value,Free,End of fieldwork,13 to 15 years
Mauritania,MR,MRT,478,Percentage of adolescents (aged 13-15 years) who smoked cigarettes or used smoked or smokeless tobacco products at any time during the last month,2020,19.8,Total,Units,%,Estimated value,Free,End of fieldwork,13 to 15 years
Mauritius,MU,MUS,480,Percentage of adolescents (aged 13-15 years) who smoked cigarettes or used smoked or smokeless tobacco products at any time during the last month,2020,13.7,Female,Units,%,Estimated value,Free,End of fieldwork,13 to 15 years
Mauritius,MU,MUS,480,Percentage of adolescents (aged 13-15 years) who smoked cigarettes or used smoked or smokeless tobacco products at any time during the last month,2020,22.8,Male,Units,%,Estimated value,Free,End of fieldwork,13 to 15 years
Mauritius,MU,MUS,480,Percentage of adolescents (aged 13-15 years) who smoked cigarettes or used smoked or smokeless tobacco products at any time during the last month,2020,18,Total,Units,%,Estimated value,Free,End of fieldwork,13 to 15 years
Mexico,MX,MEX,484,Percentage of adolescents (aged 13-15 years) who smoked cigarettes or used smoked or smokeless tobacco products at any time during the last month,2020,17.7,Female,Units,%,Estimated value,Free,End of fieldwork,13 to 15 years
Mexico,MX,MEX,484,Percentage of adolescents (aged 13-15 years) who smoked cigarettes or used smoked or smokeless tobacco products at any time during the last month,2020,21.6,Male,Units,%,Estimated value,Free,End of fieldwork,13 to 15 years
Mexico,MX,MEX,484,Percentage of adolescents (aged 13-15 years) who smoked cigarettes or used smoked or smokeless tobacco products at any time during the last month,2020,19.8,Total,Units,%,Estimated value,Free,End of fieldwork,13 to 15 years
"Micronesia, Federated States of",FM,FSM,583,Percentage of adolescents (aged 13-15 years) who smoked cigarettes or used smoked or smokeless tobacco products at any time during the last month,2020,25.1,Female,Units,%,Estimated value,Free,End of fieldwork,13 to 15 years
"Micronesia, Federated States of",FM,FSM,583,Percentage of adolescents (aged 13-15 years) who smoked cigarettes or used smoked or smokeless tobacco products at any time during the last month,2020,34.1,Male,Units,%,Estimated value,Free,End of fieldwork,13 to 15 years
"Micronesia, Federated States of",FM,FSM,583,Percentage of adolescents (aged 13-15 years) who smoked cigarettes or used smoked or smokeless tobacco products at any time during the last month,2020,29.2,Total,Units,%,Estimated value,Free,End of fieldwork,13 to 15 years
Mongolia,MN,MNG,496,Percentage of adolescents (aged 13-15 years) who smoked cigarettes or used smoked or smokeless tobacco products at any time during the last month,2020,6.9,Female,Units,%,Estimated value,Free,End of fieldwork,13 to 15 years
Mongolia,MN,MNG,496,Percentage of adolescents (aged 13-15 years) who smoked cigarettes or used smoked or smokeless tobacco products at any time during the last month,2020,21,Male,Units,%,Estimated value,Free,End of fieldwork,13 to 15 years
Mongolia,MN,MNG,496,Percentage of adolescents (aged 13-15 years) who smoked cigarettes or used smoked or smokeless tobacco products at any time during the last month,2020,14,Total,Units,%,Estimated value,Free,End of fieldwork,13 to 15 years
Morocco,MA,MAR,504,Percentage of adolescents (aged 13-15 years) who smoked cigarettes or used smoked or smokeless tobacco products at any time during the last month,2020,4.4,Female,Units,%,Estimated value,Free,End of fieldwork,13 to 15 years
Morocco,MA,MAR,504,Percentage of adolescents (aged 13-15 years) who smoked cigarettes or used smoked or smokeless tobacco products at any time during the last month,2020,7.3,Male,Units,%,Estimated value,Free,End of fieldwork,13 to 15 years
Morocco,MA,MAR,504,Percentage of adolescents (aged 13-15 years) who smoked cigarettes or used smoked or smokeless tobacco products at any time during the last month,2020,6,Total,Units,%,Estimated value,Free,End of fieldwork,13 to 15 years
Mozambique,MZ,MOZ,508,Percentage of adolescents (aged 13-15 years) who smoked cigarettes or used smoked or smokeless tobacco products at any time during the last month,2020,6.1,Female,Units,%,Estimated value,Free,End of fieldwork,13 to 15 years
Mozambique,MZ,MOZ,508,Percentage of adolescents (aged 13-15 years) who smoked cigarettes or used smoked or smokeless tobacco products at any time during the last month,2020,4.5,Male,Units,%,Estimated value,Free,End of fieldwork,13 to 15 years
Mozambique,MZ,MOZ,508,Percentage of adolescents (aged 13-15 years) who smoked cigarettes or used smoked or smokeless tobacco products at any time during the last month,2020,5.2,Total,Units,%,Estimated value,Free,End of fieldwork,13 to 15 years
Burma,MM,MMR,104,Percentage of adolescents (aged 13-15 years) who smoked cigarettes or used smoked or smokeless tobacco products at any time during the last month,2020,3.7,Female,Units,%,Estimated value,Free,End of fieldwork,13 to 15 years
Burma,MM,MMR,104,Percentage of adolescents (aged 13-15 years) who smoked cigarettes or used smoked or smokeless tobacco products at any time during the last month,2020,26.3,Male,Units,%,Estimated value,Free,End of fieldwork,13 to 15 years
Burma,MM,MMR,104,Percentage of adolescents (aged 13-15 years) who smoked cigarettes or used smoked or smokeless tobacco products at any time during the last month,2020,13.6,Total,Units,%,Estimated value,Free,End of fieldwork,13 to 15 years
Namibia,,NAM,516,Percentage of adolescents (aged 13-15 years) who smoked cigarettes or used smoked or smokeless tobacco products at any time during the last month,2020,8.9,Female,Units,%,Estimated value,Free,End of fieldwork,13 to 15 years
Namibia,,NAM,516,Percentage of adolescents (aged 13-15 years) who smoked cigarettes or used smoked or smokeless tobacco products at any time during the last month,2020,14,Male,Units,%,Estimated value,Free,End of fieldwork,13 to 15 years
Namibia,,NAM,516,Percentage of adolescents (aged 13-15 years) who smoked cigarettes or used smoked or smokeless tobacco products at any time during the last month,2020,11.2,Total,Units,%,Estimated value,Free,End of fieldwork,13 to 15 years
Nauru,NR,NRU,520,Percentage of adolescents (aged 13-15 years) who smoked cigarettes or used smoked or smokeless tobacco products at any time during the last month,2020,27,Female,Units,%,Estimated value,Free,End of fieldwork,13 to 15 years
Nauru,NR,NRU,520,Percentage of adolescents (aged 13-15 years) who smoked cigarettes or used smoked or smokeless tobacco products at any time during the last month,2020,25.6,Male,Units,%,Estimated value,Free,End of fieldwork,13 to 15 years
Nauru,NR,NRU,520,Percentage of adolescents (aged 13-15 years) who smoked cigarettes or used smoked or smokeless tobacco products at any time during the last month,2020,26.2,Total,Units,%,Estimated value,Free,End of fieldwork,13 to 15 years
Nepal,NP,NPL,524,Percentage of adolescents (aged 13-15 years) who smoked cigarettes or used smoked or smokeless tobacco products at any time during the last month,2020,4.8,Female,Units,%,Estimated value,Free,End of fieldwork,13 to 15 years
Nepal,NP,NPL,524,Percentage of adolescents (aged 13-15 years) who smoked cigarettes or used smoked or smokeless tobacco products at any time during the last month,2020,9.5,Male,Units,%,Estimated value,Free,End of fieldwork,13 to 15 years
Nepal,NP,NPL,524,Percentage of adolescents (aged 13-15 years) who smoked cigarettes or used smoked or smokeless tobacco products at any time during the last month,2020,7.2,Total,Units,%,Estimated value,Free,End of fieldwork,13 to 15 years
Nicaragua,NI,NIC,558,Percentage of adolescents (aged 13-15 years) who smoked cigarettes or used smoked or smokeless tobacco products at any time during the last month,2020,11.8,Female,Units,%,Estimated value,Free,End of fieldwork,13 to 15 years
Nicaragua,NI,NIC,558,Percentage of adolescents (aged 13-15 years) who smoked cigarettes or used smoked or smokeless tobacco products at any time during the last month,2020,16.4,Male,Units,%,Estimated value,Free,End of fieldwork,13 to 15 years
Nicaragua,NI,NIC,558,Percentage of adolescents (aged 13-15 years) who smoked cigarettes or used smoked or smokeless tobacco products at any time during the last month,2020,14.2,Total,Units,%,Estimated value,Free,End of fieldwork,13 to 15 years
Niger,NE,NER,562,Percentage of adolescents (aged 13-15 years) who smoked cigarettes or used smoked or smokeless tobacco products at any time during the last month,2020,5.6,Female,Units,%,Estimated value,Free,End of fieldwork,13 to 15 years
Niger,NE,NER,562,Percentage of adolescents (aged 13-15 years) who smoked cigarettes or used smoked or smokeless tobacco products at any time during the last month,2020,11.8,Male,Units,%,Estimated value,Free,End of fieldwork,13 to 15 years
Niger,NE,NER,562,Percentage of adolescents (aged 13-15 years) who smoked cigarettes or used smoked or smokeless tobacco products at any time during the last month,2020,8.6,Total,Units,%,Estimated value,Free,End of fieldwork,13 to 15 years
Nigeria,NG,NGA,566,Percentage of adolescents (aged 13-15 years) who smoked cigarettes or used smoked or smokeless tobacco products at any time during the last month,2020,11.1,Female,Units,%,Estimated value,Free,End of fieldwork,13 to 15 years
Nigeria,NG,NGA,566,Percentage of adolescents (aged 13-15 years) who smoked cigarettes or used smoked or smokeless tobacco products at any time during the last month,2020,19.2,Male,Units,%,Estimated value,Free,End of fieldwork,13 to 15 years
Nigeria,NG,NGA,566,Percentage of adolescents (aged 13-15 years) who smoked cigarettes or used smoked or smokeless tobacco products at any time during the last month,2020,15.4,Total,Units,%,Estimated value,Free,End of fieldwork,13 to 15 years
Niue,NU,NIU,570,Percentage of adolescents (aged 13-15 years) who smoked cigarettes or used smoked or smokeless tobacco products at any time during the last month,2020,19.2,Female,Units,%,Estimated value,Free,End of fieldwork,13 to 15 years
Niue,NU,NIU,570,Percentage of adolescents (aged 13-15 years) who smoked cigarettes or used smoked or smokeless tobacco products at any time during the last month,2020,22.8,Male,Units,%,Estimated value,Free,End of fieldwork,13 to 15 years
Niue,NU,NIU,570,Percentage of adolescents (aged 13-15 years) who smoked cigarettes or used smoked or smokeless tobacco products at any time during the last month,2020,21.1,Total,Units,%,Estimated value,Free,End of fieldwork,13 to 15 years
Oman,OM,OMN,512,Percentage of adolescents (aged 13-15 years) who smoked cigarettes or used smoked or smokeless tobacco products at any time during the last month,2020,3.9,Female,Units,%,Estimated value,Free,End of fieldwork,13 to 15 years
Oman,OM,OMN,512,Percentage of adolescents (aged 13-15 years) who smoked cigarettes or used smoked or smokeless tobacco products at any time during the last month,2020,8.5,Male,Units,%,Estimated value,Free,End of fieldwork,13 to 15 years
Oman,OM,OMN,512,Percentage of adolescents (aged 13-15 years) who smoked cigarettes or used smoked or smokeless tobacco products at any time during the last month,2020,6,Total,Units,%,Estimated value,Free,End of fieldwork,13 to 15 years
Pakistan,PK,PAK,586,Percentage of adolescents (aged 13-15 years) who smoked cigarettes or used smoked or smokeless tobacco products at any time during the last month,2020,6.6,Female,Units,%,Estimated value,Free,End of fieldwork,13 to 15 years
Pakistan,PK,PAK,586,Percentage of adolescents (aged 13-15 years) who smoked cigarettes or used smoked or smokeless tobacco products at any time during the last month,2020,13.3,Male,Units,%,Estimated value,Free,End of fieldwork,13 to 15 years
Pakistan,PK,PAK,586,Percentage of adolescents (aged 13-15 years) who smoked cigarettes or used smoked or smokeless tobacco products at any time during the last month,2020,10.7,Total,Units,%,Estimated value,Free,End of fieldwork,13 to 15 years
Palau,PW,PLW,585,Percentage of adolescents (aged 13-15 years) who smoked cigarettes or used smoked or smokeless tobacco products at any time during the last month,2020,37.4,Female,Units,%,Estimated value,Free,End of fieldwork,13 to 15 years
Palau,PW,PLW,585,Percentage of adolescents (aged 13-15 years) who smoked cigarettes or used smoked or smokeless tobacco products at any time during the last month,2020,47.8,Male,Units,%,Estimated value,Free,End of fieldwork,13 to 15 years
Palau,PW,PLW,585,Percentage of adolescents (aged 13-15 years) who smoked cigarettes or used smoked or smokeless tobacco products at any time during the last month,2020,42.7,Total,Units,%,Estimated value,Free,End of fieldwork,13 to 15 years
Panama,PA,PAN,591,Percentage of adolescents (aged 13-15 years) who smoked cigarettes or used smoked or smokeless tobacco products at any time during the last month,2020,7.4,Female,Units,%,Estimated value,Free,End of fieldwork,13 to 15 years
Panama,PA,PAN,591,Percentage of adolescents (aged 13-15 years) who smoked cigarettes or used smoked or smokeless tobacco products at any time during the last month,2020,7.9,Male,Units,%,Estimated value,Free,End of fieldwork,13 to 15 years
Panama,PA,PAN,591,Percentage of adolescents (aged 13-15 years) who smoked cigarettes or used smoked or smokeless tobacco products at any time during the last month,2020,7.8,Total,Units,%,Estimated value,Free,End of fieldwork,13 to 15 years
Papua New Guinea,PG,PNG,598,Percentage of adolescents (aged 13-15 years) who smoked cigarettes or used smoked or smokeless tobacco products at any time during the last month,2020,28.3,Female,Units,%,Estimated value,Free,End of fieldwork,13 to 15 years
Papua New Guinea,PG,PNG,598,Percentage of adolescents (aged 13-15 years) who smoked cigarettes or used smoked or smokeless tobacco products at any time during the last month,2020,40.1,Male,Units,%,Estimated value,Free,End of fieldwork,13 to 15 years
Papua New Guinea,PG,PNG,598,Percentage of adolescents (aged 13-15 years) who smoked cigarettes or used smoked or smokeless tobacco products at any time during the last month,2020,33.3,Total,Units,%,Estimated value,Free,End of fieldwork,13 to 15 years
Paraguay,PY,PRY,600,Percentage of adolescents (aged 13-15 years) who smoked cigarettes or used smoked or smokeless tobacco products at any time during the last month,2020,7.2,Female,Units,%,Estimated value,Free,End of fieldwork,13 to 15 years
Paraguay,PY,PRY,600,Percentage of adolescents (aged 13-15 years) who smoked cigarettes or used smoked or smokeless tobacco products at any time during the last month,2020,8.8,Male,Units,%,Estimated value,Free,End of fieldwork,13 to 15 years
Paraguay,PY,PRY,600,Percentage of adolescents (aged 13-15 years) who smoked cigarettes or used smoked or smokeless tobacco products at any time during the last month,2020,8.1,Total,Units,%,Estimated value,Free,End of fieldwork,13 to 15 years
Peru,PE,PER,604,Percentage of adolescents (aged 13-15 years) who smoked cigarettes or used smoked or smokeless tobacco products at any time during the last month,2020,5.9,Female,Units,%,Estimated value,Free,End of fieldwork,13 to 15 years
Peru,PE,PER,604,Percentage of adolescents (aged 13-15 years) who smoked cigarettes or used smoked or smokeless tobacco products at any time during the last month,2020,8.4,Male,Units,%,Estimated value,Free,End of fieldwork,13 to 15 years
Peru,PE,PER,604,Percentage of adolescents (aged 13-15 years) who smoked cigarettes or used smoked or smokeless tobacco products at any time during the last month,2020,7.2,Total,Units,%,Estimated value,Free,End of fieldwork,13 to 15 years
Philippines,PH,PHL,608,Percentage of adolescents (aged 13-15 years) who smoked cigarettes or used smoked or smokeless tobacco products at any time during the last month,2020,10.4,Female,Units,%,Estimated value,Free,End of fieldwork,13 to 15 years
Philippines,PH,PHL,608,Percentage of adolescents (aged 13-15 years) who smoked cigarettes or used smoked or smokeless tobacco products at any time during the last month,2020,22.2,Male,Units,%,Estimated value,Free,End of fieldwork,13 to 15 years
Philippines,PH,PHL,608,Percentage of adolescents (aged 13-15 years) who smoked cigarettes or used smoked or smokeless tobacco products at any time during the last month,2020,16,Total,Units,%,Estimated value,Free,End of fieldwork,13 to 15 years
Qatar,QA,QAT,634,Percentage of adolescents (aged 13-15 years) who smoked cigarettes or used smoked or smokeless tobacco products at any time during the last month,2020,8.7,Female,Units,%,Estimated value,Free,End of fieldwork,13 to 15 years
Qatar,QA,QAT,634,Percentage of adolescents (aged 13-15 years) who smoked cigarettes or used smoked or smokeless tobacco products at any time during the last month,2020,15.7,Male,Units,%,Estimated value,Free,End of fieldwork,13 to 15 years
Qatar,QA,QAT,634,Percentage of adolescents (aged 13-15 years) who smoked cigarettes or used smoked or smokeless tobacco products at any time during the last month,2020,12.1,Total,Units,%,Estimated value,Free,End of fieldwork,13 to 15 years
Rwanda,RW,RWA,646,Percentage of adolescents (aged 13-15 years) who smoked cigarettes or used smoked or smokeless tobacco products at any time during the last month,2020,9.5,Female,Units,%,Estimated value,Free,End of fieldwork,13 to 15 years
Rwanda,RW,RWA,646,Percentage of adolescents (aged 13-15 years) who smoked cigarettes or used smoked or smokeless tobacco products at any time during the last month,2020,13.3,Male,Units,%,Estimated value,Free,End of fieldwork,13 to 15 years
Rwanda,RW,RWA,646,Percentage of adolescents (aged 13-15 years) who smoked cigarettes or used smoked or smokeless tobacco products at any time during the last month,2020,11.5,Total,Units,%,Estimated value,Free,End of fieldwork,13 to 15 years
Saint Kitts and Nevis,KN,KNA,659,Percentage of adolescents (aged 13-15 years) who smoked cigarettes or used smoked or smokeless tobacco products at any time during the last month,2020,7.8,Female,Units,%,Estimated value,Free,End of fieldwork,13 to 15 years
Saint Kitts and Nevis,KN,KNA,659,Percentage of adolescents (aged 13-15 years) who smoked cigarettes or used smoked or smokeless tobacco products at any time during the last month,2020,10.4,Male,Units,%,Estimated value,Free,End of fieldwork,13 to 15 years
Saint Kitts and Nevis,KN,KNA,659,Percentage of adolescents (aged 13-15 years) who smoked cigarettes or used smoked or smokeless tobacco products at any time during the last month,2020,9.2,Total,Units,%,Estimated value,Free,End of fieldwork,13 to 15 years
Saint Lucia,LC,LCA,662,Percentage of adolescents (aged 13-15 years) who smoked cigarettes or used smoked or smokeless tobacco products at any time during the last month,2020,8.1,Female,Units,%,Estimated value,Free,End of fieldwork,13 to 15 years
Saint Lucia,LC,LCA,662,Percentage of adolescents (aged 13-15 years) who smoked cigarettes or used smoked or smokeless tobacco products at any time during the last month,2020,12.4,Male,Units,%,Estimated value,Free,End of fieldwork,13 to 15 years
Saint Lucia,LC,LCA,662,Percentage of adolescents (aged 13-15 years) who smoked cigarettes or used smoked or smokeless tobacco products at any time during the last month,2020,10.2,Total,Units,%,Estimated value,Free,End of fieldwork,13 to 15 years
Saint Vincent and the Grenadines,VC,VCT,670,Percentage of adolescents (aged 13-15 years) who smoked cigarettes or used smoked or smokeless tobacco products at any time during the last month,2020,8.7,Female,Units,%,Estimated value,Free,End of fieldwork,13 to 15 years
Saint Vincent and the Grenadines,VC,VCT,670,Percentage of adolescents (aged 13-15 years) who smoked cigarettes or used smoked or smokeless tobacco products at any time during the last month,2020,9.9,Male,Units,%,Estimated value,Free,End of fieldwork,13 to 15 years
Saint Vincent and the Grenadines,VC,VCT,670,Percentage of adolescents (aged 13-15 years) who smoked cigarettes or used smoked or smokeless tobacco products at any time during the last month,2020,9.3,Total,Units,%,Estimated value,Free,End of fieldwork,13 to 15 years
Samoa,WS,WSM,882,Percentage of adolescents (aged 13-15 years) who smoked cigarettes or used smoked or smokeless tobacco products at any time during the last month,2020,8.1,Female,Units,%,Estimated value,Free,End of fieldwork,13 to 15 years
Samoa,WS,WSM,882,Percentage of adolescents (aged 13-15 years) who smoked cigarettes or used smoked or smokeless tobacco products at any time during the last month,2020,22.5,Male,Units,%,Estimated value,Free,End of fieldwork,13 to 15 years
Samoa,WS,WSM,882,Percentage of adolescents (aged 13-15 years) who smoked cigarettes or used smoked or smokeless tobacco products at any time during the last month,2020,15.1,Total,Units,%,Estimated value,Free,End of fieldwork,13 to 15 years
San Marino,SM,SMR,674,Percentage of adolescents (aged 13-15 years) who smoked cigarettes or used smoked or smokeless tobacco products at any time during the last month,2020,7.4,Female,Units,%,Estimated value,Free,End of fieldwork,13 to 15 years
San Marino,SM,SMR,674,Percentage of adolescents (aged 13-15 years) who smoked cigarettes or used smoked or smokeless tobacco products at any time during the last month,2020,7.3,Male,Units,%,Estimated value,Free,End of fieldwork,13 to 15 years
San Marino,SM,SMR,674,Percentage of adolescents (aged 13-15 years) who smoked cigarettes or used smoked or smokeless tobacco products at any time during the last month,2020,7.4,Total,Units,%,Estimated value,Free,End of fieldwork,13 to 15 years
Sao Tome and Principe,ST,STP,678,Percentage of adolescents (aged 13-15 years) who smoked cigarettes or used smoked or smokeless tobacco products at any time during the last month,2020,22.7,Female,Units,%,Estimated value,Free,End of fieldwork,13 to 15 years
Sao Tome and Principe,ST,STP,678,Percentage of adolescents (aged 13-15 years) who smoked cigarettes or used smoked or smokeless tobacco products at any time during the last month,2020,30.7,Male,Units,%,Estimated value,Free,End of fieldwork,13 to 15 years
Sao Tome and Principe,ST,STP,678,Percentage of adolescents (aged 13-15 years) who smoked cigarettes or used smoked or smokeless tobacco products at any time during the last month,2020,26.2,Total,Units,%,Estimated value,Free,End of fieldwork,13 to 15 years
Saudi Arabia,SA,SAU,682,Percentage of adolescents (aged 13-15 years) who smoked cigarettes or used smoked or smokeless tobacco products at any time during the last month,2020,9.1,Female,Units,%,Estimated value,Free,End of fieldwork,13 to 15 years
Saudi Arabia,SA,SAU,682,Percentage of adolescents (aged 13-15 years) who smoked cigarettes or used smoked or smokeless tobacco products at any time during the last month,2020,21.2,Male,Units,%,Estimated value,Free,End of fieldwork,13 to 15 years
Saudi Arabia,SA,SAU,682,Percentage of adolescents (aged 13-15 years) who smoked cigarettes or used smoked or smokeless tobacco products at any time during the last month,2020,14.9,Total,Units,%,Estimated value,Free,End of fieldwork,13 to 15 years
Senegal,SN,SEN,686,Percentage of adolescents (aged 13-15 years) who smoked cigarettes or used smoked or smokeless tobacco products at any time during the last month,2020,6.2,Female,Units,%,Estimated value,Free,End of fieldwork,13 to 15 years
Senegal,SN,SEN,686,Percentage of adolescents (aged 13-15 years) who smoked cigarettes or used smoked or smokeless tobacco products at any time during the last month,2020,14.9,Male,Units,%,Estimated value,Free,End of fieldwork,13 to 15 years
Senegal,SN,SEN,686,Percentage of adolescents (aged 13-15 years) who smoked cigarettes or used smoked or smokeless tobacco products at any time during the last month,2020,11.2,Total,Units,%,Estimated value,Free,End of fieldwork,13 to 15 years
Seychelles,SC,SYC,690,Percentage of adolescents (aged 13-15 years) who smoked cigarettes or used smoked or smokeless tobacco products at any time during the last month,2020,15.9,Female,Units,%,Estimated value,Free,End of fieldwork,13 to 15 years
Seychelles,SC,SYC,690,Percentage of adolescents (aged 13-15 years) who smoked cigarettes or used smoked or smokeless tobacco products at any time during the last month,2020,27.2,Male,Units,%,Estimated value,Free,End of fieldwork,13 to 15 years
Seychelles,SC,SYC,690,Percentage of adolescents (aged 13-15 years) who smoked cigarettes or used smoked or smokeless tobacco products at any time during the last month,2020,21.4,Total,Units,%,Estimated value,Free,End of fieldwork,13 to 15 years
Sierra Leone,SL,SLE,694,Percentage of adolescents (aged 13-15 years) who smoked cigarettes or used smoked or smokeless tobacco products at any time during the last month,2020,9.7,Female,Units,%,Estimated value,Free,End of fieldwork,13 to 15 years
Sierra Leone,SL,SLE,694,Percentage of adolescents (aged 13-15 years) who smoked cigarettes or used smoked or smokeless tobacco products at any time during the last month,2020,14.5,Male,Units,%,Estimated value,Free,End of fieldwork,13 to 15 years
Sierra Leone,SL,SLE,694,Percentage of adolescents (aged 13-15 years) who smoked cigarettes or used smoked or smokeless tobacco products at any time during the last month,2020,12.1,Total,Units,%,Estimated value,Free,End of fieldwork,13 to 15 years
Solomon Islands,SB,SLB,90,Percentage of adolescents (aged 13-15 years) who smoked cigarettes or used smoked or smokeless tobacco products at any time during the last month,2020,24.4,Female,Units,%,Estimated value,Free,End of fieldwork,13 to 15 years
Solomon Islands,SB,SLB,90,Percentage of adolescents (aged 13-15 years) who smoked cigarettes or used smoked or smokeless tobacco products at any time during the last month,2020,30.2,Male,Units,%,Estimated value,Free,End of fieldwork,13 to 15 years
Solomon Islands,SB,SLB,90,Percentage of adolescents (aged 13-15 years) who smoked cigarettes or used smoked or smokeless tobacco products at any time during the last month,2020,28.1,Total,Units,%,Estimated value,Free,End of fieldwork,13 to 15 years
Somalia,SO,SOM,706,Percentage of adolescents (aged 13-15 years) who smoked cigarettes or used smoked or smokeless tobacco products at any time during the last month,2020,12.3,Female,Units,%,Estimated value,Free,End of fieldwork,13 to 15 years
Somalia,SO,SOM,706,Percentage of adolescents (aged 13-15 years) who smoked cigarettes or used smoked or smokeless tobacco products at any time during the last month,2020,15.5,Male,Units,%,Estimated value,Free,End of fieldwork,13 to 15 years
Somalia,SO,SOM,706,Percentage of adolescents (aged 13-15 years) who smoked cigarettes or used smoked or smokeless tobacco products at any time during the last month,2020,15.6,Total,Units,%,Estimated value,Free,End of fieldwork,13 to 15 years
Sri Lanka,LK,LKA,144,Percentage of adolescents (aged 13-15 years) who smoked cigarettes or used smoked or smokeless tobacco products at any time during the last month,2020,3.1,Female,Units,%,Estimated value,Free,End of fieldwork,13 to 15 years
Sri Lanka,LK,LKA,144,Percentage of adolescents (aged 13-15 years) who smoked cigarettes or used smoked or smokeless tobacco products at any time during the last month,2020,13,Male,Units,%,Estimated value,Free,End of fieldwork,13 to 15 years
Sri Lanka,LK,LKA,144,Percentage of adolescents (aged 13-15 years) who smoked cigarettes or used smoked or smokeless tobacco products at any time during the last month,2020,8.1,Total,Units,%,Estimated value,Free,End of fieldwork,13 to 15 years
"Palestinian Territory, Occupied",PS,PSE,275,Percentage of adolescents (aged 13-15 years) who smoked cigarettes or used smoked or smokeless tobacco products at any time during the last month,2020,19.7,Female,Units,%,Estimated value,Free,End of fieldwork,13 to 15 years
"Palestinian Territory, Occupied",PS,PSE,275,Percentage of adolescents (aged 13-15 years) who smoked cigarettes or used smoked or smokeless tobacco products at any time during the last month,2020,43.3,Male,Units,%,Estimated value,Free,End of fieldwork,13 to 15 years
"Palestinian Territory, Occupied",PS,PSE,275,Percentage of adolescents (aged 13-15 years) who smoked cigarettes or used smoked or smokeless tobacco products at any time during the last month,2020,31.3,Total,Units,%,Estimated value,Free,End of fieldwork,13 to 15 years
Sudan,SD,SDN,736,Percentage of adolescents (aged 13-15 years) who smoked cigarettes or used smoked or smokeless tobacco products at any time during the last month,2020,7.3,Female,Units,%,Estimated value,Free,End of fieldwork,13 to 15 years
Sudan,SD,SDN,736,Percentage of adolescents (aged 13-15 years) who smoked cigarettes or used smoked or smokeless tobacco products at any time during the last month,2020,14.5,Male,Units,%,Estimated value,Free,End of fieldwork,13 to 15 years
Sudan,SD,SDN,736,Percentage of adolescents (aged 13-15 years) who smoked cigarettes or used smoked or smokeless tobacco products at any time during the last month,2020,11.7,Total,Units,%,Estimated value,Free,End of fieldwork,13 to 15 years
Suriname,SR,SUR,740,Percentage of adolescents (aged 13-15 years) who smoked cigarettes or used smoked or smokeless tobacco products at any time during the last month,2020,7.3,Female,Units,%,Estimated value,Free,End of fieldwork,13 to 15 years
Suriname,SR,SUR,740,Percentage of adolescents (aged 13-15 years) who smoked cigarettes or used smoked or smokeless tobacco products at any time during the last month,2020,17.1,Male,Units,%,Estimated value,Free,End of fieldwork,13 to 15 years
Suriname,SR,SUR,740,Percentage of adolescents (aged 13-15 years) who smoked cigarettes or used smoked or smokeless tobacco products at any time during the last month,2020,11.7,Total,Units,%,Estimated value,Free,End of fieldwork,13 to 15 years
Syrian Arab Republic,SY,SYR,760,Percentage of adolescents (aged 13-15 years) who smoked cigarettes or used smoked or smokeless tobacco products at any time during the last month,2020,17.4,Female,Units,%,Estimated value,Free,End of fieldwork,13 to 15 years
Syrian Arab Republic,SY,SYR,760,Percentage of adolescents (aged 13-15 years) who smoked cigarettes or used smoked or smokeless tobacco products at any time during the last month,2020,31.6,Male,Units,%,Estimated value,Free,End of fieldwork,13 to 15 years
Syrian Arab Republic,SY,SYR,760,Percentage of adolescents (aged 13-15 years) who smoked cigarettes or used smoked or smokeless tobacco products at any time during the last month,2020,24.5,Total,Units,%,Estimated value,Free,End of fieldwork,13 to 15 years
Tajikistan,TJ,TJK,762,Percentage of adolescents (aged 13-15 years) who smoked cigarettes or used smoked or smokeless tobacco products at any time during the last month,2020,2.8,Female,Units,%,Estimated value,Free,End of fieldwork,13 to 15 years
Tajikistan,TJ,TJK,762,Percentage of adolescents (aged 13-15 years) who smoked cigarettes or used smoked or smokeless tobacco products at any time during the last month,2020,3.1,Male,Units,%,Estimated value,Free,End of fieldwork,13 to 15 years
Tajikistan,TJ,TJK,762,Percentage of adolescents (aged 13-15 years) who smoked cigarettes or used smoked or smokeless tobacco products at any time during the last month,2020,3,Total,Units,%,Estimated value,Free,End of fieldwork,13 to 15 years
Thailand,TH,THA,764,Percentage of adolescents (aged 13-15 years) who smoked cigarettes or used smoked or smokeless tobacco products at any time during the last month,2020,8.1,Female,Units,%,Estimated value,Free,End of fieldwork,13 to 15 years
Thailand,TH,THA,764,Percentage of adolescents (aged 13-15 years) who smoked cigarettes or used smoked or smokeless tobacco products at any time during the last month,2020,21.8,Male,Units,%,Estimated value,Free,End of fieldwork,13 to 15 years
Thailand,TH,THA,764,Percentage of adolescents (aged 13-15 years) who smoked cigarettes or used smoked or smokeless tobacco products at any time during the last month,2020,15,Total,Units,%,Estimated value,Free,End of fieldwork,13 to 15 years
Timor-Leste,TL,TLS,626,Percentage of adolescents (aged 13-15 years) who smoked cigarettes or used smoked or smokeless tobacco products at any time during the last month,2020,20.9,Female,Units,%,Estimated value,Free,End of fieldwork,13 to 15 years
Timor-Leste,TL,TLS,626,Percentage of adolescents (aged 13-15 years) who smoked cigarettes or used smoked or smokeless tobacco products at any time during the last month,2020,42,Male,Units,%,Estimated value,Free,End of fieldwork,13 to 15 years
Timor-Leste,TL,TLS,626,Percentage of adolescents (aged 13-15 years) who smoked cigarettes or used smoked or smokeless tobacco products at any time during the last month,2020,30.9,Total,Units,%,Estimated value,Free,End of fieldwork,13 to 15 years
Togo,TG,TGO,768,Percentage of adolescents (aged 13-15 years) who smoked cigarettes or used smoked or smokeless tobacco products at any time during the last month,2020,4.3,Female,Units,%,Estimated value,Free,End of fieldwork,13 to 15 years
Togo,TG,TGO,768,Percentage of adolescents (aged 13-15 years) who smoked cigarettes or used smoked or smokeless tobacco products at any time during the last month,2020,11.3,Male,Units,%,Estimated value,Free,End of fieldwork,13 to 15 years
Togo,TG,TGO,768,Percentage of adolescents (aged 13-15 years) who smoked cigarettes or used smoked or smokeless tobacco products at any time during the last month,2020,8.4,Total,Units,%,Estimated value,Free,End of fieldwork,13 to 15 years
Tonga,TO,TON,776,Percentage of adolescents (aged 13-15 years) who smoked cigarettes or used smoked or smokeless tobacco products at any time during the last month,2020,8.4,Female,Units,%,Estimated value,Free,End of fieldwork,13 to 15 years
Tonga,TO,TON,776,Percentage of adolescents (aged 13-15 years) who smoked cigarettes or used smoked or smokeless tobacco products at any time during the last month,2020,28,Male,Units,%,Estimated value,Free,End of fieldwork,13 to 15 years
Tonga,TO,TON,776,Percentage of adolescents (aged 13-15 years) who smoked cigarettes or used smoked or smokeless tobacco products at any time during the last month,2020,18.5,Total,Units,%,Estimated value,Free,End of fieldwork,13 to 15 years
Trinidad and Tobago,TT,TTO,780,Percentage of adolescents (aged 13-15 years) who smoked cigarettes or used smoked or smokeless tobacco products at any time during the last month,2020,10.8,Female,Units,%,Estimated value,Free,End of fieldwork,13 to 15 years
Trinidad and Tobago,TT,TTO,780,Percentage of adolescents (aged 13-15 years) who smoked cigarettes or used smoked or smokeless tobacco products at any time during the last month,2020,17.3,Male,Units,%,Estimated value,Free,End of fieldwork,13 to 15 years
Trinidad and Tobago,TT,TTO,780,Percentage of adolescents (aged 13-15 years) who smoked cigarettes or used smoked or smokeless tobacco products at any time during the last month,2020,14,Total,Units,%,Estimated value,Free,End of fieldwork,13 to 15 years
Tunisia,TN,TUN,788,Percentage of adolescents (aged 13-15 years) who smoked cigarettes or used smoked or smokeless tobacco products at any time during the last month,2020,4.6,Female,Units,%,Estimated value,Free,End of fieldwork,13 to 15 years
Tunisia,TN,TUN,788,Percentage of adolescents (aged 13-15 years) who smoked cigarettes or used smoked or smokeless tobacco products at any time during the last month,2020,19.2,Male,Units,%,Estimated value,Free,End of fieldwork,13 to 15 years
Tunisia,TN,TUN,788,Percentage of adolescents (aged 13-15 years) who smoked cigarettes or used smoked or smokeless tobacco products at any time during the last month,2020,11.7,Total,Units,%,Estimated value,Free,End of fieldwork,13 to 15 years
Turkmenistan,TM,TKM,795,Percentage of adolescents (aged 13-15 years) who smoked cigarettes or used smoked or smokeless tobacco products at any time during the last month,2020,0.4,Female,Units,%,Estimated value,Free,End of fieldwork,13 to 15 years
Turkmenistan,TM,TKM,795,Percentage of adolescents (aged 13-15 years) who smoked cigarettes or used smoked or smokeless tobacco products at any time during the last month,2020,0.2,Male,Units,%,Estimated value,Free,End of fieldwork,13 to 15 years
Turkmenistan,TM,TKM,795,Percentage of adolescents (aged 13-15 years) who smoked cigarettes or used smoked or smokeless tobacco products at any time during the last month,2020,0.3,Total,Units,%,Estimated value,Free,End of fieldwork,13 to 15 years
Tuvalu,TV,TUV,798,Percentage of adolescents (aged 13-15 years) who smoked cigarettes or used smoked or smokeless tobacco products at any time during the last month,2020,13.6,Female,Units,%,Estimated value,Free,End of fieldwork,13 to 15 years
Tuvalu,TV,TUV,798,Percentage of adolescents (aged 13-15 years) who smoked cigarettes or used smoked or smokeless tobacco products at any time during the last month,2020,30.4,Male,Units,%,Estimated value,Free,End of fieldwork,13 to 15 years
Tuvalu,TV,TUV,798,Percentage of adolescents (aged 13-15 years) who smoked cigarettes or used smoked or smokeless tobacco products at any time during the last month,2020,21.2,Total,Units,%,Estimated value,Free,End of fieldwork,13 to 15 years
Turkey,TR,TUR,792,Percentage of adolescents (aged 13-15 years) who smoked cigarettes or used smoked or smokeless tobacco products at any time during the last month,2020,12.1,Female,Units,%,Estimated value,Free,End of fieldwork,13 to 15 years
Turkey,TR,TUR,792,Percentage of adolescents (aged 13-15 years) who smoked cigarettes or used smoked or smokeless tobacco products at any time during the last month,2020,23.2,Male,Units,%,Estimated value,Free,End of fieldwork,13 to 15 years
Turkey,TR,TUR,792,Percentage of adolescents (aged 13-15 years) who smoked cigarettes or used smoked or smokeless tobacco products at any time during the last month,2020,17.9,Total,Units,%,Estimated value,Free,End of fieldwork,13 to 15 years
Uganda,UG,UGA,800,Percentage of adolescents (aged 13-15 years) who smoked cigarettes or used smoked or smokeless tobacco products at any time during the last month,2020,9.4,Female,Units,%,Estimated value,Free,End of fieldwork,13 to 15 years
Uganda,UG,UGA,800,Percentage of adolescents (aged 13-15 years) who smoked cigarettes or used smoked or smokeless tobacco products at any time during the last month,2020,11.7,Male,Units,%,Estimated value,Free,End of fieldwork,13 to 15 years
Uganda,UG,UGA,800,Percentage of adolescents (aged 13-15 years) who smoked cigarettes or used smoked or smokeless tobacco products at any time during the last month,2020,10.5,Total,Units,%,Estimated value,Free,End of fieldwork,13 to 15 years
United Arab Emirates,AE,ARE,784,Percentage of adolescents (aged 13-15 years) who smoked cigarettes or used smoked or smokeless tobacco products at any time during the last month,2020,7.7,Female,Units,%,Estimated value,Free,End of fieldwork,13 to 15 years
United Arab Emirates,AE,ARE,784,Percentage of adolescents (aged 13-15 years) who smoked cigarettes or used smoked or smokeless tobacco products at any time during the last month,2020,17.8,Male,Units,%,Estimated value,Free,End of fieldwork,13 to 15 years
United Arab Emirates,AE,ARE,784,Percentage of adolescents (aged 13-15 years) who smoked cigarettes or used smoked or smokeless tobacco products at any time during the last month,2020,12.7,Total,Units,%,Estimated value,Free,End of fieldwork,13 to 15 years
"Tanzania, United Republic of",TZ,TZA,834,Percentage of adolescents (aged 13-15 years) who smoked cigarettes or used smoked or smokeless tobacco products at any time during the last month,2020,2.4,Female,Units,%,Estimated value,Free,End of fieldwork,13 to 15 years
"Tanzania, United Republic of",TZ,TZA,834,Percentage of adolescents (aged 13-15 years) who smoked cigarettes or used smoked or smokeless tobacco products at any time during the last month,2020,6.5,Male,Units,%,Estimated value,Free,End of fieldwork,13 to 15 years
"Tanzania, United Republic of",TZ,TZA,834,Percentage of adolescents (aged 13-15 years) who smoked cigarettes or used smoked or smokeless tobacco products at any time during the last month,2020,4.8,Total,Units,%,Estimated value,Free,End of fieldwork,13 to 15 years
Uruguay,UY,URY,858,Percentage of adolescents (aged 13-15 years) who smoked cigarettes or used smoked or smokeless tobacco products at any time during the last month,2020,13.6,Female,Units,%,Estimated value,Free,End of fieldwork,13 to 15 years
Uruguay,UY,URY,858,Percentage of adolescents (aged 13-15 years) who smoked cigarettes or used smoked or smokeless tobacco products at any time during the last month,2020,9.7,Male,Units,%,Estimated value,Free,End of fieldwork,13 to 15 years
Uruguay,UY,URY,858,Percentage of adolescents (aged 13-15 years) who smoked cigarettes or used smoked or smokeless tobacco products at any time during the last month,2020,11.5,Total,Units,%,Estimated value,Free,End of fieldwork,13 to 15 years
Uzbekistan,UZ,UZB,860,Percentage of adolescents (aged 13-15 years) who smoked cigarettes or used smoked or smokeless tobacco products at any time during the last month,2020,13.9,Female,Units,%,Estimated value,Free,End of fieldwork,13 to 15 years
Uzbekistan,UZ,UZB,860,Percentage of adolescents (aged 13-15 years) who smoked cigarettes or used smoked or smokeless tobacco products at any time during the last month,2020,14.2,Male,Units,%,Estimated value,Free,End of fieldwork,13 to 15 years
Uzbekistan,UZ,UZB,860,Percentage of adolescents (aged 13-15 years) who smoked cigarettes or used smoked or smokeless tobacco products at any time during the last month,2020,14,Total,Units,%,Estimated value,Free,End of fieldwork,13 to 15 years
Vanuatu,VU,VUT,548,Percentage of adolescents (aged 13-15 years) who smoked cigarettes or used smoked or smokeless tobacco products at any time during the last month,2020,14.5,Female,Units,%,Estimated value,Free,End of fieldwork,13 to 15 years
Vanuatu,VU,VUT,548,Percentage of adolescents (aged 13-15 years) who smoked cigarettes or used smoked or smokeless tobacco products at any time during the last month,2020,19.5,Male,Units,%,Estimated value,Free,End of fieldwork,13 to 15 years
Vanuatu,VU,VUT,548,Percentage of adolescents (aged 13-15 years) who smoked cigarettes or used smoked or smokeless tobacco products at any time during the last month,2020,16.9,Total,Units,%,Estimated value,Free,End of fieldwork,13 to 15 years
"Venezuela, Bolivarian Republic of",VE,VEN,862,Percentage of adolescents (aged 13-15 years) who smoked cigarettes or used smoked or smokeless tobacco products at any time during the last month,2020,12.3,Female,Units,%,Estimated value,Free,End of fieldwork,13 to 15 years
"Venezuela, Bolivarian Republic of",VE,VEN,862,Percentage of adolescents (aged 13-15 years) who smoked cigarettes or used smoked or smokeless tobacco products at any time during the last month,2020,15.9,Male,Units,%,Estimated value,Free,End of fieldwork,13 to 15 years
"Venezuela, Bolivarian Republic of",VE,VEN,862,Percentage of adolescents (aged 13-15 years) who smoked cigarettes or used smoked or smokeless tobacco products at any time during the last month,2020,14.3,Total,Units,%,Estimated value,Free,End of fieldwork,13 to 15 years
Yemen,YE,YEM,887,Percentage of adolescents (aged 13-15 years) who smoked cigarettes or used smoked or smokeless tobacco products at any time during the last month,2020,9.9,Female,Units,%,Estimated value,Free,End of fieldwork,13 to 15 years
Yemen,YE,YEM,887,Percentage of adolescents (aged 13-15 years) who smoked cigarettes or used smoked or smokeless tobacco products at any time during the last month,2020,23.9,Male,Units,%,Estimated value,Free,End of fieldwork,13 to 15 years
Yemen,YE,YEM,887,Percentage of adolescents (aged 13-15 years) who smoked cigarettes or used smoked or smokeless tobacco products at any time during the last month,2020,18.7,Total,Units,%,Estimated value,Free,End of fieldwork,13 to 15 years
Zambia,ZM,ZMB,894,Percentage of adolescents (aged 13-15 years) who smoked cigarettes or used smoked or smokeless tobacco products at any time during the last month,2020,25.8,Female,Units,%,Estimated value,Free,End of fieldwork,13 to 15 years
Zambia,ZM,ZMB,894,Percentage of adolescents (aged 13-15 years) who smoked cigarettes or used smoked or smokeless tobacco products at any time during the last month,2020,24.9,Male,Units,%,Estimated value,Free,End of fieldwork,13 to 15 years
Zambia,ZM,ZMB,894,Percentage of adolescents (aged 13-15 years) who smoked cigarettes or used smoked or smokeless tobacco products at any time during the last month,2020,25.6,Total,Units,%,Estimated value,Free,End of fieldwork,13 to 15 years
Zimbabwe,ZW,ZWE,716,Percentage of adolescents (aged 13-15 years) who smoked cigarettes or used smoked or smokeless tobacco products at any time during the last month,2020,15.8,Female,Units,%,Estimated value,Free,End of fieldwork,13 to 15 years
Zimbabwe,ZW,ZWE,716,Percentage of adolescents (aged 13-15 years) who smoked cigarettes or used smoked or smokeless tobacco products at any time during the last month,2020,22,Male,Units,%,Estimated value,Free,End of fieldwork,13 to 15 years
Zimbabwe,ZW,ZWE,716,Percentage of adolescents (aged 13-15 years) who smoked cigarettes or used smoked or smokeless tobacco products at any time during the last month,2020,20,Total,Units,%,Estimated value,Free,End of fieldwork,13 to 15 years
